run_0,run_1,run_2,run_3,run_4,run_5,run_6,run_7,run_8,run_9,run_10,run_11,run_12,run_13,run_14,run_15,run_16,run_17,run_18,run_19,run_20,run_21,run_22,run_23,run_24
1242,3683,2316,2188,2378,2882,3036,109,2299,2526,648,1867,3101,1714,1496,8,627,2543,1403,3355,447,2732,798,3282,1277
1581,2576,2444,1151,772,2992,2604,2940,2099,580,2921,1204,1870,18,137,1279,2686,3835,2802,1645,2428,1843,425,932,3078
2487,1584,2303,719,476,3390,3488,603,1274,3272,2064,1364,362,1827,1223,3442,2304,2591,2739,2696,1346,351,196,1423,3368
3035,3772,1739,2704,1421,2791,313,1275,124,2325,3452,985,1881,230,2441,1065,1470,2905,3207,3410,3212,258,912,786,2220
2628,2776,1732,173,1229,2835,2198,3163,3084,104,912,162,2448,3092,2614,1093,3416,805,1421,2537,2995,1362,2940,152,641
502,3201,964,3566,1725,3361,1700,2954,557,863,2603,2658,2922,3610,2812,1217,1085,3702,1196,1099,1676,715,711,2616,1133
2600,3020,3485,1756,491,1071,102,1942,790,663,1156,3209,2347,1022,2351,2824,3334,3794,3619,1560,644,3208,3225,1120,1621
88,2744,3656,1958,2343,3771,739,653,1853,1953,2728,2798,433,2385,511,3091,3207,1004,1159,274,2683,2613,3357,631,131
2367,994,294,2553,1490,3488,2566,668,1377,225,1003,1278,791,3464,2610,3590,1472,1805,1694,2325,1907,1070,1357,183,302
2992,3054,1873,1992,1171,1271,3638,2905,3463,1074,2683,1391,231,3130,3817,804,2401,3074,949,1527,989,430,3785,1305,3432
1219,52,3578,2740,833,139,1088,3074,1272,1954,3538,1683,1596,3265,1280,1317,475,1554,2203,2684,2813,1663,305,120,3143
98,128,2823,3417,961,2551,46,3220,3482,2852,2369,1663,286,3262,2833,1021,3027,3264,3265,79,1426,1683,772,1419,242
2610,1959,1731,692,1297,2580,3466,790,772,3279,3531,1847,2942,2203,2927,2832,855,2858,230,1710,1316,1847,3031,3186,2542
895,1252,673,2132,1476,2420,3341,3016,3031,2882,3066,3082,3670,1887,3556,340,770,2013,3262,605,3553,1364,1640,46,2791
2991,1251,812,2133,629,768,1885,2540,1640,163,2885,1070,1233,1552,881,448,874,391,1887,1096,3231,3082,1642,3466,605
1222,3465,3093,3416,1343,2579,3263,3108,1642,335,434,1692,3252,391,3232,339,2784,2204,1552,2509,3413,1692,1643,1885,1096
1336,2561,2863,718,2894,1996,1086,3086,1643,1807,3541,3216,314,1421,3552,880,3099,3184,391,1824,2811,3216,1776,3263,2509
1756,588,1136,2747,581,2836,2583,172,1776,758,1210,1597,2602,2014,2810,3240,3635,2164,2014,1832,1019,1597,3481,2198,79
1220,3464,2518,972,601,315,3186,3106,3481,1955,1532,3168,1124,2164,3551,3241,1664,2616,2164,2513,1425,3168,3482,3261,1710
3407,1404,119,3804,815,2837,1419,791,1641,2884,2695,2478,3581,1418,2831,882,1016,2860,1418,3065,1317,2478,1641,1088,1099
1221,53,48,1909,1667,2549,631,2249,2953,3280,682,489,606,2585,341,1280,1163,238,2585,3525,880,489,2953,2859,1824
1369,1045,2269,625,3388,3626,3261,621,2955,2883,538,136,3313,1087,449,3555,1313,852,1087,1849,3240,136,2955,2585,1832
3667,1405,672,2634,2319,3232,2859,1796,343,1728,73,1320,2970,3184,1021,1019,3429,3238,3184,242,1021,1320,343,1086,2513
893,3129,853,1625,1012,3556,121,724,344,22,2471,1929,657,392,1317,3553,1508,3263,392,641,2832,1929,1377,2583,3065
3668,2626,3121,624,3063,341,120,1139,2564,1733,2514,3064,3566,631,3013,1425,928,1086,631,3062,1535,3064,344,3341,3525
161,757,1332,3833,1850,449,1293,3330,2952,1956,2773,1530,2278,120,880,1316,3053,2583,120,3143,2111,1530,2564,1005,1849
3542,1247,3615,3344,292,1021,1005,3107,305,487,3520,2439,1591,1419,3240,1535,1734,3186,1419,80,339,2439,2952,1087,3062
557,327,1071,3435,1974,1317,2012,836,345,1447,2720,3325,1362,3186,898,2111,1790,1419,3186,2542,340,3325,345,121,80
2849,282,2607,3854,3076,292,2585,639,598,499,1311,3179,3395,46,2832,2811,3070,46,46,229,1279,3179,598,45,2684
1330,1403,2016,3830,3029,1078,959,789,2759,3398,3075,686,3715,3466,3555,3413,354,3466,3466,474,448,686,2759,1293,229
162,2575,2609,3841,2580,880,2109,667,2565,488,199,1302,1325,1885,1019,1806,90,1885,1885,10,1806,1302,2565,2109,474
2318,2235,1069,3842,1617,2810,2201,2118,3532,2253,152,2163,460,3263,340,3556,1258,631,3263,1313,3555,2163,3532,2201,10
3275,587,63,1152,112,2927,125,472,428,2762,1704,2310,288,2198,1279,3232,1092,2198,2198,1456,3556,2310,428,395,1313
571,1294,3120,351,2054,3551,1118,3109,1793,1846,2990,3211,1960,3261,1425,3231,431,3261,3261,3510,3232,3211,1793,2165,1456
2967,2218,2023,691,2897,1280,3185,1611,157,1744,3328,3440,3127,1088,448,3554,813,2859,1088,3524,3241,3440,157,1553,3510
3274,3457,1995,3831,1791,2832,395,690,495,500,728,1168,1061,2859,1806,2813,368,121,2859,2791,3554,1168,495,2166,3524
1449,1816,2024,2822,3133,3555,1087,620,3501,1136,76,2071,374,1086,3241,449,435,120,1086,3360,449,2071,3501,237,3360
1798,2562,2038,3816,1842,304,2165,3577,496,2518,252,3072,2589,2583,1316,1020,962,1088,2583,2316,1020,3072,496,2857,2316
465,2556,64,3834,1666,340,2219,1007,599,1732,542,1880,178,3341,339,341,118,1293,3341,2733,1280,1880,599,1884,2733
2558,50,1934,622,2463,1279,45,2194,1273,2823,1453,220,1719,1005,2111,447,516,1005,1005,347,341,220,1273,959,347
463,1248,2608,717,0,2833,237,214,2020,2863,3362,2570,1485,121,2813,1426,2733,2012,121,2001,882,2570,1272,394,2001
464,1637,1829,3807,2412,3240,393,367,2050,1742,2534,3649,1399,45,3553,2810,2413,2585,45,1508,2810,3649,2020,1818,1508
1797,1957,1935,3434,304,2978,1818,1529,2843,119,927,3698,2337,1293,3231,2812,2001,959,1293,435,2812,3698,2050,2584,435
548,1804,3175,623,768,505,394,2224,1615,2269,3039,2127,402,2109,3554,3414,347,2109,2109,928,3414,2127,2843,125,928
1120,2574,715,1446,2579,2831,1006,3304,2930,853,988,3288,265,2201,1020,2833,1944,2201,2201,118,2833,3288,1615,1006,118
2827,3128,1051,3222,3594,448,1553,1590,591,3093,515,980,2709,395,1535,2927,2184,125,395,1944,2927,980,2930,1118,1944
3460,3543,2777,3343,3033,2812,2584,3400,2015,1071,995,1638,484,2165,2811,3551,242,1118,2165,1092,3551,1638,591,3185,1092
759,742,1936,3055,1996,881,2857,3039,798,48,1439,1755,550,1553,3413,3552,1835,3185,1553,1787,3552,1755,2015,731,1787
569,2044,670,3015,1620,3552,2615,927,1886,2607,1705,2651,3441,2166,447,881,2316,3341,2166,2496,881,2651,1886,2012,2496
462,1766,2851,3795,2836,3013,2694,2720,3467,3121,3709,524,781,237,1426,2831,2592,395,237,2184,2831,524,3467,2615,2184
3628,2981,671,2809,2420,898,1420,988,1956,673,353,2801,375,2857,882,3013,2752,1087,2857,2685,3013,2801,1956,3546,2685
17,3482,488,3796,1097,1019,2167,515,742,2016,1359,525,1178,1884,3414,898,694,2165,1884,3078,898,525,742,2219,1971
1799,3733,1956,3832,2032,1425,2202,1210,2016,670,1857,1904,179,959,1318,139,1082,2219,959,1971,139,1904,2016,2694,941
476,427,2426,3847,315,1806,806,995,488,1069,1609,726,2217,394,139,1318,1255,45,394,941,1318,726,488,2077,1575
573,852,3398,3014,139,3241,2166,1439,2562,3578,780,3382,735,1818,3033,315,641,237,1818,1575,315,3382,2562,393,2874
2568,1004,1447,1608,2551,1316,1884,1705,1294,1731,1218,3359,1234,2584,315,2549,2791,393,2584,2874,2549,3359,1294,238,2416
572,1554,500,578,2549,339,2077,3709,2218,3203,530,1450,1597,125,2549,3626,228,1818,125,2416,3626,1450,2218,1420,418
2613,3264,1733,1140,2160,2111,2168,353,2850,672,1382,904,664,1006,3626,3033,3579,394,1006,418,3033,904,2850,2167,1322
96,2858,3203,3611,2837,2813,731,1359,890,3057,2707,1984,3081,1118,2835,2835,605,1006,1118,1322,2835,1984,890,2202,1711
1908,2013,1609,1361,3338,3553,3342,3066,1955,3615,968,617,3560,3185,1547,1547,1096,1553,3185,1711,1547,617,1955,3545,1941
2964,391,445,2936,2835,3231,3260,3075,2842,2609,2397,3714,381,731,3226,455,2509,2584,731,1941,455,3714,2842,2168,1306
585,2204,3447,1769,1621,3554,432,152,799,812,533,67,1475,2012,2505,3225,79,2857,2012,1306,3225,67,799,1402,1852
3461,3184,2425,3610,3479,1020,3546,1857,2931,1906,695,2363,2600,2615,3477,3474,1710,2615,2615,1852,3474,2363,2931,2014,1739
2543,2164,1600,2569,3478,1535,598,3520,306,1995,2722,3250,2861,3546,2551,2498,1099,2694,3546,1739,2498,3250,306,432,683
3160,2616,1218,1531,3339,2811,1402,1609,802,445,1570,2654,1232,2219,2497,1802,1824,1420,2219,683,1802,2654,802,806,3021
3629,2860,1709,2910,810,3413,3545,780,427,2426,670,1823,210,2694,3476,3475,1832,2167,2694,3021,3475,1823,427,3342,97
466,238,1846,3794,1759,447,1883,2369,155,2851,348,3381,906,2077,961,2150,2513,2202,2077,97,2150,3381,155,3260,855
3161,3238,22,2780,3100,1426,1886,434,2049,1332,2597,2753,235,393,1801,1918,3065,806,393,855,1918,2753,2049,1883,2058
635,3263,1728,2048,3544,882,3265,3541,1265,2425,2725,3815,832,238,2837,2551,3525,2166,238,2058,2551,3815,1265,391,516
148,1086,2762,2047,807,3414,155,1218,1146,64,1081,3765,266,1420,809,1476,1849,1884,1420,516,1476,3765,1146,155,3070
288,2583,542,3180,881,1318,3264,682,1804,63,2221,290,3681,2167,1757,453,3062,2077,2167,3070,453,290,1804,1887,2413
2965,3186,3362,846,453,3033,3467,73,500,3120,2677,1291,1363,2202,452,961,3143,2168,2202,2413,961,1291,500,598,986
3272,1419,77,784,678,1547,230,76,1639,1935,3680,3537,2242,3545,677,1012,80,731,3545,986,1012,3537,1639,1886,3049
1106,46,3057,2788,317,3226,3262,530,1076,2023,1023,3536,249,2168,849,1801,2542,3342,2168,3049,1801,3536,1076,3467,714
632,3466,1800,1748,2497,2505,1554,1382,3263,3175,534,2632,2701,1402,2761,601,2684,3260,1402,714,601,2632,3263,1554,1093
2326,1885,134,3103,808,3477,1294,2707,1086,2024,2479,2151,974,432,1012,2837,229,432,432,1093,2837,2151,1086,1294,1384
566,631,1906,2802,2505,2497,2218,968,2583,2038,3105,38,2434,806,3133,3276,474,3546,806,1384,3276,38,2583,2218,858
565,2198,2427,2244,2581,3476,2014,2397,3186,2853,3318,2362,3204,3342,3276,1343,10,598,3342,858,1343,2362,3186,1004,436
1606,3261,534,2866,3232,961,1004,2773,1419,1709,256,3115,3695,3260,3029,2894,1456,1402,3260,436,2894,3115,1419,3264,3099
1636,2859,1453,1153,3476,1801,2858,533,46,1934,1438,901,1655,1883,3580,3133,3510,3545,1883,3099,3133,901,46,2858,3053
2440,121,3281,785,316,809,1887,2471,3466,2608,2503,2011,3716,155,1617,833,3524,1883,155,3053,833,2011,3466,3265,813
3504,120,21,2741,738,1757,2203,695,1885,3281,1430,370,868,598,2032,2319,3360,1886,598,813,2319,370,1885,230,2467
1889,1088,2853,1154,452,452,238,2722,631,715,965,1378,47,1886,815,2032,1787,3265,1886,2467,2032,1378,631,3262,1073
3704,1293,487,2320,2761,677,391,1570,2198,1051,2676,2532,2606,3467,1476,3388,2496,155,3467,1073,3388,2532,2198,2164,1790
1873,1005,1727,2803,3477,849,2013,670,3261,2777,2224,2668,3612,1554,676,2760,2685,3467,1554,1790,2760,2668,3261,3184,2402
3679,2012,2222,1066,3556,2761,1552,348,2859,134,3256,2074,1572,1294,1802,3580,3078,230,1294,2402,3580,2074,2859,392,2815
1720,2585,344,3083,1803,1012,3184,3531,121,2427,2851,1264,3134,2218,451,815,1971,3262,2218,2815,815,1264,121,1418,354
3307,959,1430,2314,1280,3133,392,3362,120,1829,1511,2693,2243,1004,601,809,941,1294,1004,354,809,2693,120,1552,90
506,2109,3056,469,3626,3276,2759,2597,1088,1936,2222,3742,543,3264,2150,629,1575,2218,3264,90,629,3742,1088,2204,1242
2612,2201,3481,3084,341,3029,2860,2725,1293,671,65,2009,2374,2858,833,1297,2874,2014,2858,1242,1297,2009,1293,2013,2139
2911,125,2952,1034,449,3580,1418,1704,1005,1609,193,1674,3718,2204,3225,452,2416,1887,2204,2139,452,1674,1005,2200,770
3271,1118,2843,32,1021,1617,2164,542,2012,3447,3167,37,1474,2013,453,677,418,2203,2013,770,677,37,2012,2203,3579
1875,3185,561,470,1317,2032,1421,1081,2585,1600,652,3697,2587,2616,455,3477,1322,1552,2616,3579,3477,3697,2585,2659,2039
1078,3341,2231,932,1078,815,2200,1453,959,1218,3563,1127,1858,2200,2580,676,1711,392,2200,2039,676,1127,959,3739,874
1462,395,2253,31,880,1476,2204,2221,2109,542,2665,994,3183,2659,2766,451,1941,2759,2659,874,451,994,2109,1421,2359
1708,1087,1641,3345,2810,676,2616,2677,2201,3362,1095,3528,793,3739,656,3226,1306,1418,3739,2359,3226,3528,2201,2860,1258
1105,2165,1273,3843,2927,1802,3110,3680,125,77,1496,902,1503,2860,3475,2497,1852,1421,2860,1258,2497,902,125,1766,3635
2614,2219,2842,2088,3551,451,3238,1023,1118,1800,3096,88,267,1766,1343,1667,1739,2200,1766,3635,1667,88,1118,2759,475
3505,45,2850,3829,2832,601,1766,3328,3185,534,1328,1518,3380,2759,2894,2505,683,3110,2759,1133,2505,1518,3185,2981,1664
3702,237,348,296,3555,2150,3239,534,3341,1453,561,2126,153,2981,2760,2580,3021,1766,2981,475,2580,2126,3341,2872,3597
570,393,1955,3483,340,833,1888,2479,395,21,3221,1577,414,2872,2498,2766,97,3239,2872,1664,2766,1577,395,3733,3060
1460,1818,1744,3828,1279,3225,2564,3105,1087,1727,3447,3779,3132,3733,2319,849,2058,1888,3733,3597,849,3779,1087,1888,3027
1665,394,3378,2862,2833,453,852,3318,2165,2222,164,2125,2266,1888,3474,2761,986,2564,1888,3060,2761,2125,2165,2869,2925
1459,1006,1511,3800,3240,455,2981,256,2219,344,2231,1576,3717,2869,1918,3063,3049,2981,2869,3027,3063,1576,2219,3051,1016
2442,1553,1340,3827,2978,2766,2565,1438,45,1430,3056,1754,3571,3051,2579,1229,714,2565,3051,2925,1229,1754,45,3239,2523
3303,2584,1642,3054,505,656,2872,2503,237,3056,1042,3205,866,3239,629,768,1093,2872,3239,1016,768,3205,237,3238,2686
503,2857,2590,3122,2831,3475,3051,1430,393,3481,1276,54,2553,3238,1791,2499,1384,3051,3238,2523,2499,54,393,1404,834
2441,2615,2020,3848,448,1343,3733,965,1818,2952,2590,3625,3315,1404,3063,2579,858,3733,1404,2686,2579,3625,1818,2288,2784
2978,2694,2953,3838,2812,2894,428,2676,394,2843,2726,1589,301,2288,3388,581,436,428,2288,834,581,1589,394,852,1163
2544,1420,1615,3840,3552,2760,2288,2990,1006,561,936,226,584,852,3076,1757,2467,2288,852,2784,1757,226,1006,3731,1269
1104,2167,305,2087,3013,2498,2562,3256,1553,2231,3617,2821,3208,3731,292,3476,1073,2562,3731,1163,3476,2821,1553,3110,962
2214,2202,772,3846,898,2319,157,2851,2584,1641,787,1202,2571,3110,768,656,2402,157,3110,1269,656,1202,2584,3732,1029
549,806,306,2144,1019,3474,495,1511,2857,1273,3378,2724,1618,3732,2499,3029,2815,495,3732,962,3029,2724,2857,154,843
1874,2166,2884,3835,1425,1918,3731,2222,2615,2842,1938,2950,2506,154,112,2054,1242,3731,154,1029,2054,2950,2615,899,2918
505,1884,679,297,1806,629,2869,65,2694,2850,3181,298,1184,899,581,3076,2139,2869,899,843,3076,298,2694,2076,2592
996,2077,2930,2660,3241,1791,1793,193,1420,348,788,3228,3111,2076,1667,292,2039,1793,2076,2918,292,3228,1420,890,414
507,2168,343,1442,1316,3063,2076,3167,2167,3378,1041,3399,940,890,2420,1617,2359,2076,890,2592,1617,3399,2167,1640,2105
2977,731,345,3836,339,3388,1076,652,2202,1511,1155,333,2004,1640,1297,112,1133,1076,1640,414,112,333,2202,2564,3324
1077,3342,2955,3820,2111,3076,2659,3563,806,1340,2248,2653,2324,2564,1666,2836,3597,2659,2564,2105,2836,2653,806,1405,3695
997,3260,798,3355,2813,2499,3739,2665,2166,1642,650,2787,3017,1405,2836,1850,3060,3739,1405,3324,1850,2787,2166,3237,3818
2213,432,2049,3356,3553,112,2953,1095,1884,2590,350,1408,81,3237,1850,2897,2925,2953,3237,3695,2897,1408,1884,428,3567
2976,3546,2931,3720,3231,581,3501,1496,2077,2020,1083,987,284,428,2897,304,2523,3501,428,3818,304,987,2077,597,47
2966,598,2665,2321,3554,1667,154,3096,2168,2953,3421,1682,2511,597,1842,1974,834,154,597,3567,1974,1682,2168,2235,2606
1461,1402,2050,2477,1020,1297,597,1328,731,1615,1770,1868,1466,2235,304,1996,1269,597,2235,47,1996,1868,731,2562,3612
1407,3545,2503,189,1535,1666,496,1311,3342,305,201,1837,1788,2562,1974,454,1029,496,2562,2606,454,1837,3342,2565,868
2611,1883,1640,2426,2811,1850,599,2534,3260,772,1340,2385,3614,2565,1996,1791,843,599,2565,3612,1791,2385,3260,1637,1301
504,1886,1643,2161,3413,2897,1405,561,432,306,1584,851,3301,1637,2054,2420,2918,1405,1637,868,2420,851,432,157,1164
2063,3265,1776,2099,447,1842,2235,3221,3546,679,2772,658,106,157,2463,71,414,2235,157,1301,71,658,3546,495,1190
1742,155,3031,2841,1426,1974,3237,3447,1402,2930,1568,2005,245,495,2412,2412,2105,3237,495,1164,2412,2005,1402,1793,793
1920,3467,3221,3224,882,2054,3732,164,3545,343,421,2775,2988,1793,1229,1620,3324,3732,1793,1190,1620,2775,3545,1804,974
2443,230,3482,1709,3414,2463,899,2231,1883,345,3321,2715,2982,1804,454,3100,3695,899,1804,793,3100,2715,1883,1045,1503
3270,3262,800,2425,1318,2412,1804,3056,3265,2955,2461,2386,1940,1045,3627,3627,3818,1804,1045,974,3627,2386,3265,2575,3442
3658,2014,801,134,1547,1229,2575,1042,3264,798,2578,903,1231,2575,1097,227,3567,2575,2575,1503,227,903,3264,3129,153
144,1887,1377,396,3226,454,1641,1276,230,2049,651,3079,82,3129,0,3589,47,1641,3129,3442,3589,985,230,1076,2192
577,2203,2159,2748,1801,3627,1637,2590,3262,2931,671,3059,486,1076,1620,1666,2606,1637,1076,153,1666,3079,3262,742,2525
160,1552,802,3104,809,1097,343,2726,1554,2665,1344,1310,2864,742,3100,3594,3612,343,742,2192,3594,3059,1554,1776,1622
2639,392,3096,635,1757,0,1146,936,2014,2050,2680,2946,1740,1776,3594,1842,868,1146,1776,2525,1842,1310,2014,282,1835
3516,2759,515,77,677,1620,3532,3617,1004,2503,2734,1864,2002,282,2550,1097,1301,3532,282,1622,1097,2946,1004,1146,2752
3626,1418,300,2427,849,3100,1404,787,2858,1640,2536,3432,2508,1146,71,0,1164,1404,1146,1835,0,1864,2858,1641,3717
315,1421,788,53,3276,3594,1265,3378,1887,1643,1138,2475,102,1641,3589,2463,1190,1265,1641,2752,2463,3432,1887,2953,2806
2549,2200,774,1224,3580,2550,757,1938,2203,1776,1600,2490,109,2953,2862,2550,793,757,2953,3717,2550,2475,2203,3501,301
2837,3110,1807,2462,676,71,1248,3181,238,3031,2472,3229,336,3501,807,3410,974,1248,3501,2806,3410,2490,238,1265,3132
139,3239,1272,51,1802,3589,742,788,391,3221,356,1947,1354,1265,749,749,1503,742,1265,301,749,3229,391,757,1363
3232,1888,1276,2916,451,2862,282,1041,2013,3482,1117,729,2683,757,3410,1103,3442,282,757,3132,1103,1947,2013,2626,1566
3556,2564,775,311,2150,807,3457,1155,1552,800,3258,2974,2906,2626,227,1758,153,3457,2626,1363,1758,729,1552,1643,3429
341,2565,1639,3160,3225,749,156,2248,3184,801,3304,1707,145,1643,1078,2026,2192,156,1643,1566,2026,2974,3184,343,2266
449,2872,591,760,455,3410,2626,650,392,1377,1578,2776,1978,343,3478,1915,2525,2626,343,3429,1915,1707,392,1403,249
1021,3051,936,2690,2766,227,1643,350,2860,2159,169,2459,2948,1403,2026,678,1622,1643,587,2266,678,2776,2860,587,1840
1317,428,2015,2880,656,3478,1776,1083,1418,802,1841,1014,2192,587,1803,1078,3717,1776,3457,249,1078,2459,1418,3457,2701
292,2288,1496,1299,3475,2026,890,3421,2164,3096,151,1015,12,3457,3479,2862,2806,890,772,1840,2862,1014,2164,772,2636
880,157,1439,1075,2760,1803,1640,1770,1421,515,3368,1567,1782,772,1103,2539,301,1640,496,2701,2539,1015,1421,496,179
2810,495,1041,3458,2498,3479,1045,201,2200,300,1987,1054,2512,496,595,595,3132,1045,599,2636,595,1567,2200,599,2217
2927,3731,927,2162,3474,1103,1403,1340,2204,788,2607,1137,3165,599,810,303,1363,1403,156,179,303,1054,2204,156,2506
3551,2869,2720,133,1918,595,3129,1584,2616,774,3602,665,2510,156,565,565,1566,3129,50,2217,565,1137,2616,50,2944
1280,1793,3039,3504,2499,810,587,2772,3110,1272,1498,3850,116,50,2978,807,2266,587,1248,2506,807,665,3110,1248,1399
2832,2076,988,2152,454,565,772,2695,3238,1276,1529,3438,1942,1248,1915,2221,249,772,1642,2944,2221,3850,3238,1642,2337
3555,1076,1210,823,3627,1915,1642,1568,1766,775,3600,3734,3092,1642,1463,2978,1840,1642,1247,1399,2978,3438,1766,1247,211
304,2659,995,3333,2550,1463,1247,421,3239,1639,1071,1010,89,1247,3340,2304,2701,1247,2556,2337,2304,3734,3239,2556,940
340,3739,1705,1870,71,3340,2556,3321,1888,591,3121,3194,9,2556,1889,3340,2636,2556,327,211,3340,1010,1888,327,1853
1279,2953,3709,35,3589,1889,2955,2461,852,936,1520,1927,269,327,3544,3544,179,2955,1816,940,3544,3194,852,1816,2782
2833,3501,353,148,2862,3544,327,2578,2981,2015,763,3116,3599,1816,505,1889,2217,327,3031,1853,1889,1927,2981,3031,3452
3240,154,1359,1175,749,1077,1816,651,2872,1496,3207,25,2003,3031,1077,1077,2506,1816,3153,2782,1077,3116,2872,3153,284
2831,597,3066,1176,3410,1460,3031,671,3051,1439,2016,287,3213,3153,1460,505,2944,3031,427,3452,505,25,3051,427,1232
448,496,3075,3618,227,2539,2199,1344,3733,1041,2488,385,1977,427,2539,3478,1399,2199,3532,284,3478,287,3733,3532,3315
2812,599,152,511,2026,2221,50,2680,2288,927,1198,1052,3202,3532,2221,3277,2337,50,1957,1232,3277,385,2288,1957,657
881,3237,1857,2799,1103,2137,427,2734,3731,2720,2516,1379,3480,1957,2137,3339,211,427,2574,3315,3339,1052,3731,2574,3566
3552,3732,3520,3453,595,1621,1957,2536,2869,3039,2877,1895,494,2574,1621,1460,940,1957,3128,657,1460,1379,2869,3128,103
3013,899,780,3679,565,1023,2574,1138,2076,988,3397,2312,85,3128,1023,3258,1853,2574,3543,3566,3258,1895,2076,3543,2062
898,1641,2369,1606,1915,808,3128,1600,2659,1210,3292,930,856,3543,808,1803,2782,3128,2744,103,1803,2312,2659,2744,2758
1019,343,434,3072,1463,2581,3543,2472,3739,995,214,1964,2525,2744,2581,2160,3452,3543,1273,2062,2160,930,3739,1273,2909
1425,1146,3541,2640,3340,3339,344,356,154,1705,367,2873,1270,1273,3339,3491,284,344,907,2758,3491,1964,154,907,543
1806,3532,682,1814,1889,3258,1252,1117,597,3709,2609,1696,2989,907,3258,3479,1232,1252,293,2909,3479,2873,597,293,1572
3241,1265,73,2101,1077,303,293,3258,1405,353,3308,1541,1305,293,303,2157,3315,293,2955,543,2157,1696,1405,2955,2374
1316,156,76,1056,1460,415,1003,1578,2235,1359,1130,1903,3673,2955,415,2137,657,1003,1003,1572,2137,1541,2235,1003,2571
339,1643,530,3141,2539,74,3465,2514,3237,3066,2345,924,1789,1003,74,1759,3566,3465,2199,2374,1759,1903,3237,2199,3134
2111,1776,1382,1173,2221,2916,3153,169,3732,3075,3004,1112,1467,2199,2916,3254,103,3153,344,2571,3254,924,3732,344,1148
2813,890,2707,2061,2137,2304,128,1841,899,152,921,2980,322,344,2304,1023,2062,128,1252,3134,1023,1112,899,1252,1788
3553,1640,968,632,1023,1628,2561,151,2575,1857,63,1946,1132,1252,1628,3585,2758,2561,128,1148,3585,2980,2575,128,2552
3231,772,2397,754,3258,1632,51,3368,1637,3520,3120,811,493,128,1632,1387,2909,51,53,1788,1387,1946,1637,53,3645
3554,1642,2773,3036,303,1759,1251,1987,1404,780,1069,1792,2257,53,1759,1621,543,1251,588,2552,1621,811,1404,588,3141
1020,2955,533,1174,415,3254,2952,2607,757,2369,586,1209,3020,588,3254,2504,1572,2952,3464,3645,2504,1792,757,3464,234
1535,3031,2471,141,74,3585,1273,3602,1248,434,710,83,1694,1251,3585,2399,2374,1273,1251,3141,2399,1209,1248,1251,866
2811,2199,695,3148,2916,678,588,1498,282,3541,1160,942,3194,3465,678,808,2571,588,3465,234,808,83,282,3465,1385
3413,344,2722,3471,2304,1387,3464,3600,3457,682,3404,1933,1526,3481,1387,2581,3134,3464,3481,866,2581,942,3457,3481,1734
447,293,1570,585,1628,2504,3481,1071,156,73,3113,2143,450,52,2504,3338,1148,3481,52,1385,3338,1933,156,52,3204
1426,1003,3531,1723,1632,1386,2744,3121,2626,76,165,2180,778,1272,1386,29,1788,2744,1272,1734,29,2143,2626,1272,1700
882,3153,2597,3557,3254,1631,907,1520,1045,530,429,937,1831,2561,1631,560,2552,907,2561,3204,560,2180,1045,2561,2553
3414,51,2725,2271,3585,2060,1377,763,1403,1382,2078,1945,2256,3365,2060,857,3645,1377,3365,1700,857,937,1403,3365,81
1318,2952,1704,3218,1387,560,1959,3207,3129,2707,1829,3230,2491,1959,560,810,3141,1959,1959,2553,810,1945,3129,1959,817
3033,1273,1081,2137,2504,3277,52,2016,587,968,2038,1779,2415,2343,3277,3292,234,52,2343,81,3292,3230,587,2343,2230
2835,3481,2221,308,1386,2018,3077,2488,1247,2397,3203,1558,1390,2952,2018,415,866,3077,2952,817,415,1779,1247,2952,2604
1547,907,2677,310,1631,3173,133,1156,2556,2773,910,1619,2459,2043,3173,3443,1385,133,2043,2230,3443,1558,2556,2043,820
3226,1377,3680,762,2060,2061,53,1198,327,533,1033,3090,174,1157,2061,1916,3204,53,1157,2604,1916,1619,327,1157,1557
2505,3077,1023,1724,560,3431,3258,2516,1816,2471,117,3112,3337,3077,3431,3040,1700,3258,3077,820,3040,3090,1816,3077,844
3477,133,3328,1808,3277,75,499,2877,2199,695,170,2256,321,2021,75,1632,2553,499,2021,1557,1632,3112,2199,2021,1737
2551,3258,2479,3035,2018,1758,1958,3397,50,2722,993,3393,325,709,1758,1867,81,1958,709,844,1867,2256,50,709,2228
2497,499,3105,3294,3173,59,741,3292,1957,1570,2945,1125,318,51,59,437,817,741,51,1737,437,3393,1957,51,1231
3476,1958,3318,3505,2061,61,563,2609,2574,3531,173,1988,3485,708,61,1463,2230,563,708,2228,1463,1125,2574,708,2243
961,741,256,3463,3431,203,1743,3308,3128,2597,2185,2889,277,3482,203,3595,2604,1743,3482,1231,3595,1988,3128,3482,3007
1801,563,1438,733,75,2131,1272,1130,3543,2725,2452,3530,1778,1958,2131,1388,820,1272,1958,2243,1388,2889,3543,1958,3095
809,1743,965,1731,1758,745,3365,2345,1252,1704,2573,1085,320,1377,745,1913,1557,3365,1377,3007,1913,3530,1252,1377,3826
1757,1272,2676,3161,59,2160,2252,3004,293,1081,2325,2336,196,133,2160,3306,844,2252,133,3095,3306,1085,293,133,3190
452,3365,2224,1610,61,3491,2514,3538,1003,2221,3123,2719,324,3258,3491,3089,1737,2514,3258,3826,3089,2336,1003,3258,1184
677,2252,2990,1692,203,1916,3482,921,3465,2677,715,3092,535,499,1916,3431,2228,3482,499,3190,3431,2719,3465,499,3373
849,2514,3256,2091,2131,3104,305,63,3153,3680,2023,1777,2042,1743,3104,688,1231,305,1743,1184,3590,3092,3153,1743,106
2761,305,65,2643,745,1067,2343,3120,128,1023,711,2491,689,562,1067,75,2243,2343,562,3373,688,1777,128,562,235
1012,2343,193,3216,3491,60,345,1069,2561,3328,1784,915,2041,2138,60,3142,3007,345,2138,106,75,2491,2561,2138,871
3133,345,3167,3704,1916,2136,534,586,51,2479,2177,2410,197,3080,2136,59,3095,534,3080,235,3142,915,51,3080,1416
3276,534,652,647,3104,2157,763,710,1251,3105,23,225,323,2252,2157,203,3826,763,2252,871,59,2410,1251,2252,1475
3029,763,3563,2317,1067,1867,1218,1160,588,3318,1706,1989,2102,2514,1867,2093,3190,1218,2514,1416,203,225,588,2514,2242
3580,1218,1095,3459,60,1465,2043,2603,3464,256,1826,3392,2625,534,1465,2131,1184,2043,534,1475,2093,1989,3464,534,2768
1617,2043,1328,3462,2136,72,1157,728,2744,1438,27,2287,3002,763,72,745,3373,1157,763,2242,2131,3392,2744,763,2950
2032,1157,1311,3503,2157,638,798,3404,907,965,222,1334,2025,1218,638,1628,106,798,1218,2768,745,2287,907,1218,3706
815,798,2534,3455,1867,3171,1742,3113,1959,2676,261,1486,84,1742,3171,1067,235,1742,1742,2950,1628,1334,1959,1742,1147
1476,1742,164,1320,1465,1627,2221,165,52,2224,725,1395,1539,2221,1627,2563,871,2221,2221,3706,1067,1486,52,2221,1178
676,2221,1042,1558,72,3829,2021,429,3077,2990,1447,2781,2258,2044,3829,72,1416,2021,2044,1147,2563,1395,3077,2044,1504
1802,2021,2726,1469,638,3595,1058,2078,133,3256,3289,905,3821,1158,3595,638,1475,1058,1158,1178,72,2781,133,1158,349
451,1058,3617,3217,3171,1167,709,1829,53,65,1510,1064,194,798,1167,1644,2242,709,798,1504,638,905,53,798,3044
601,709,787,2689,1627,3085,2044,2038,3258,193,973,2335,3643,305,3085,3171,2768,2044,305,349,1644,1064,3258,305,664
2150,2843,1938,3502,3829,3338,2843,3203,499,3167,1312,3316,1357,345,3338,1386,2950,2843,345,3044,3171,2335,499,345,3081
833,1158,3181,568,3595,29,1158,910,1958,652,1995,1635,3672,741,29,2393,3706,1158,741,664,1386,3316,1958,741,431
3225,708,1155,1172,1167,857,708,1033,741,3563,2024,1697,908,1439,857,108,1147,708,1439,3081,2393,1635,741,1439,735
453,562,2248,1256,3085,612,562,117,563,1095,64,3439,3613,1729,612,1195,1178,562,1729,431,108,1697,563,1729,2434
455,2100,650,3645,29,3223,2100,170,1743,1328,1934,2124,3335,2677,3223,1465,1504,2100,2677,735,1195,3439,1743,2677,2587
2580,2835,350,3278,857,2093,2835,993,3365,1311,2608,135,188,563,2093,2364,349,2835,563,2434,1465,2124,3365,563,3718
2766,1159,1083,2763,612,317,1159,2945,2252,2534,107,498,319,3331,317,2060,3044,1159,3331,2587,2364,135,2252,3331,2861
656,1633,3421,78,3223,640,1633,173,2514,164,3046,1778,3844,2100,640,680,664,1633,2100,3718,2060,498,2514,2100,3208
3475,1770,1770,2428,2093,2225,1770,199,2343,1042,3570,2839,3118,3450,2225,3588,3081,1770,3450,2861,680,1778,2343,3450,228
1343,1358,201,884,640,3522,1358,2185,534,2726,3507,3326,1538,1058,3522,3173,735,1358,1058,3208,3588,2839,534,1058,355
2894,1439,1584,1523,2225,738,1439,2452,763,3617,1335,2870,3592,1159,738,3419,2434,1439,1633,228,3173,3326,763,1159,1428
2760,1160,2772,1926,3522,3443,1160,2573,1218,787,3418,276,313,1633,3443,1810,2587,1160,1358,355,3419,2870,1218,1633,1701
2498,1161,2695,3361,3443,114,1161,2325,2043,1938,1935,1142,442,1358,114,2095,3718,1161,1160,1428,1810,276,2043,1358,55
2319,2677,1568,3297,114,1614,2677,3123,1157,3181,3175,3511,1877,1160,1614,2061,2861,2677,2844,1701,2095,1142,1157,1160,1433
3474,845,421,1530,1614,2027,845,715,1742,1155,416,1480,2212,2844,2027,612,3208,845,149,55,2061,3511,1742,2844,819
1918,910,3321,2439,2027,115,910,2023,2221,2248,536,3423,3782,149,115,642,355,910,910,1433,612,1480,2221,149,856
2579,2138,2461,142,115,2134,2138,2885,2021,650,1217,2890,3822,910,2134,3424,1428,2138,2842,819,642,3423,2021,910,1474
629,3080,2578,1492,2134,2226,3080,711,1058,350,1595,104,185,2842,2226,61,1701,3080,2253,856,3424,2890,1058,2842,375
1791,2930,651,3620,2226,437,2930,1784,709,1083,1072,3496,328,2253,437,74,55,2930,3241,1474,61,104,709,2253,1526
3063,2020,1344,685,437,1644,2020,2177,2044,3421,537,1002,593,3241,1644,3522,1433,2020,2832,375,74,3496,2044,3241,2306
3388,3540,2680,1925,1644,3294,3540,23,1158,1770,2194,1848,681,2832,3294,1181,819,3540,448,1526,3522,1002,1158,2832,82
3076,2842,2734,1686,3294,28,2842,1706,708,201,1051,8,2987,448,28,1679,856,2842,882,2306,1181,1848,708,448,952
768,3331,2536,2652,28,3827,3331,1826,562,1584,2777,200,3849,882,3827,198,1474,3331,339,82,1679,8,562,882,2080
2499,2050,1138,2965,3827,260,2050,27,2100,2772,3043,1011,330,339,260,1601,375,2050,1317,952,198,200,2100,339,403
112,2280,2472,686,260,3172,2280,222,2835,2695,2275,1189,1428,1317,3172,2452,1526,2280,1280,2080,1601,1011,2835,1317,1305
581,2253,356,2071,3172,680,2253,261,1159,1568,3569,786,1983,1280,680,2671,2306,2253,3555,403,2452,1189,1159,1280,1412
1667,3450,1117,3168,680,204,3450,725,1633,421,2323,2871,2729,3555,204,2916,82,3450,340,1305,2671,786,1633,3555,2511
2420,2425,3258,190,204,3800,2425,1447,1770,3321,2919,523,2998,340,3800,3041,952,2425,1279,1412,2916,2871,1770,340,1618
1297,2318,3304,3296,3800,3419,2318,3289,1358,2461,3097,3193,3582,1279,3419,3124,2080,2318,880,2511,3041,523,1358,1279,1740
1666,3275,1578,1619,3419,263,3275,1510,1439,2578,2444,1296,3684,880,263,1300,403,3275,3240,1618,3124,3193,1439,880,2508
2836,1729,2514,3090,263,2361,1729,973,1160,651,337,970,42,3240,2361,60,1305,1729,1021,1740,1300,1296,1160,3240,3312
1850,1197,169,3112,2361,2411,1197,1312,1161,1344,3091,426,3141,1021,2411,115,1412,1197,1019,2508,60,970,1161,1021,267
2897,3183,1841,3578,2411,1388,3183,1995,2677,2680,1936,1187,558,1019,1388,2134,2511,3183,3553,3312,115,426,2677,1019,1304
1842,443,151,883,1388,2399,443,2024,845,2734,405,2354,1472,3553,2399,2136,1618,443,1425,267,2134,1187,845,3553,1877
1974,1744,3368,20,2399,3306,1744,64,910,2536,2451,2957,909,1425,3306,3104,1740,1744,1316,1304,2136,2354,910,1425,2709
1996,1332,1987,2911,3306,3219,1332,1934,2138,1138,3576,1270,3512,1316,3219,738,2508,1332,1535,1877,3104,2957,2138,1316,2988
2054,1615,3602,2547,3219,1810,1615,2608,3080,2472,2252,2096,331,1535,1810,222,3312,1615,2111,2709,738,1270,3080,1535,3165
2463,734,1498,1924,1810,2095,734,107,3540,356,2118,1712,594,2111,2095,3294,267,734,2811,2988,222,2096,3540,2111,3020
2412,3286,1529,2035,2095,3089,3286,3046,3331,1117,1186,639,1278,2811,3089,3760,1304,3286,3413,3165,3294,1712,3331,2811,102
1229,538,3600,3703,3089,1630,538,3570,2280,3258,672,2223,2949,3413,1630,260,1877,538,1806,3020,3760,639,2280,3413,2403
454,2603,1520,2543,1630,3071,2603,3507,2253,3304,1658,1751,2855,1806,3071,28,2709,2603,3556,102,260,2223,2253,1806,2540
3627,571,763,3064,3071,3292,571,1335,3450,1578,620,3098,2274,3556,3292,1631,2988,571,3232,2403,28,1751,3450,3556,326
1097,2426,3207,149,3292,206,2426,3418,2425,2514,279,3420,554,3232,206,1627,3165,2426,3231,2540,1631,3098,2425,3232,1940
0,139,2488,1914,206,688,139,1935,2318,169,1094,1771,1385,3231,688,3219,3020,139,3554,326,1627,3420,2318,3231,3380
1620,119,1156,374,688,642,119,3175,3275,1841,2169,2171,1022,3554,642,263,102,119,2813,1940,3219,1771,3275,3554,36
3100,1398,1198,860,642,3424,1398,416,1729,151,1321,2324,1559,2813,3424,2018,2403,1398,449,3380,263,2171,1729,2813,2193
3594,1956,2516,3179,3424,3590,1956,536,1197,3368,2170,2437,1286,449,3590,2361,2540,1956,1020,36,2018,2324,1197,449,2381
2550,1399,2877,2896,3590,3142,1399,1217,3183,1987,1861,2938,1220,1020,3142,2411,326,1399,341,2193,2361,2437,3183,1020,3401
71,2337,3397,1225,3142,3828,2337,1595,443,3602,1562,1902,3488,341,3828,3800,1940,2337,447,2381,2411,2938,443,341,2309
3589,2844,3292,2526,3828,443,2844,1072,1744,1498,2364,3855,1537,447,443,822,3380,2844,1426,3401,3800,1902,1744,447,1290
2862,348,214,1371,443,357,348,537,1332,1529,215,4,2377,1426,357,2560,36,348,2810,2309,822,3855,1332,1426,2948
807,2543,367,2978,357,359,2543,1051,734,3600,2808,2633,3336,2810,359,3773,2193,3608,2812,1290,2560,4,734,2810,3782
749,3608,3308,1935,359,705,3608,2777,3286,1520,1728,2186,3693,2812,705,1555,2381,1397,3414,2948,3773,2633,3286,2812,42
3410,1397,1130,3175,705,1612,1397,3043,538,763,94,2951,553,3414,1612,3444,3401,2661,2833,3782,1555,2186,538,3414,2970
227,2661,2345,1851,1612,1181,2661,2275,2603,3207,3057,254,1695,2833,1181,1630,2309,1797,2927,42,3444,2951,2603,2833,3032
3478,1797,3004,2163,1181,1679,1797,3569,571,2488,574,596,2322,2927,1679,3071,1290,2590,3551,2970,1630,254,571,2927,3131
2026,2590,3538,2310,1679,198,2590,2323,2426,1156,1197,964,3095,3551,198,3223,2948,2931,3552,3032,3071,596,2426,3551,1827
1803,2931,921,3211,198,3838,2931,2919,139,1198,1676,2994,923,3552,3838,995,3782,2571,881,3131,3223,964,139,3552,3037
3479,2571,586,1373,3838,2135,2571,3097,119,2516,925,406,191,881,2135,3085,42,3271,2831,1827,995,2994,119,881,129
1103,3271,710,2208,2135,1380,3271,2444,1398,2877,1862,2865,2197,2831,1380,3503,2970,306,3013,3037,3085,406,1398,2831,1910
595,306,1160,646,1380,1601,306,337,1399,3397,2667,1700,1299,3013,1601,357,3032,802,898,129,3503,2865,1399,3013,277
810,802,2603,3440,1601,2671,802,3091,2337,3292,667,2538,1950,898,2671,359,3131,574,139,1910,357,1700,2337,898,1694
1915,574,728,1122,2671,2452,574,1936,2844,214,2762,2502,1603,139,2452,640,1827,2966,1318,277,359,2538,2844,139,3809
1463,2966,3404,1462,2452,316,2966,405,348,367,2767,243,3394,1318,316,705,3037,301,315,1694,640,2502,348,1318,1689
3340,301,3113,3607,2094,2094,301,2451,2543,3308,445,713,1825,315,2094,1612,129,679,2549,3809,705,243,2543,315,3370
3544,679,165,1070,1431,1431,679,3576,3608,1130,1323,2577,2533,2549,1431,2225,1910,3458,3626,1689,1612,713,3608,2549,558
2539,3458,429,220,1300,1300,3458,2252,1397,2345,3398,486,3269,3626,1300,443,277,2769,3033,3370,2225,2577,1397,3626,823
2221,2769,2078,1168,1613,1613,2769,252,2661,3004,679,2003,1222,3033,1613,2081,1694,144,2835,558,443,486,2661,3033,1243
2137,144,910,3173,3040,3040,144,1186,1797,3538,592,295,1336,2835,3040,3780,3809,3272,1547,823,2081,2003,1797,2835,265
1621,3272,1033,3325,2563,2563,3272,672,2590,921,1675,3712,1756,1547,2563,3848,1689,2967,455,1243,3780,295,2590,1547,288
1023,2967,117,14,3760,3760,2967,1658,2571,586,291,1396,1893,455,3760,114,3370,3307,3225,265,3848,3712,2571,455,1234
808,3307,170,1135,222,222,3307,279,3271,710,1633,630,1701,3225,222,1614,558,1123,3474,288,114,1396,3271,3225,1413
2581,1123,993,1683,2393,2393,1123,1094,574,1160,2853,704,2464,3474,2393,1380,823,2017,2498,1234,1614,630,574,3474,821
3339,2017,2945,3454,1876,1876,2017,2169,2966,2603,159,724,1303,2498,1876,1438,1243,2587,1802,1413,1380,704,2966,2498,528
3258,2587,173,3223,108,108,2587,1321,301,728,991,2173,1221,1802,108,2135,265,3204,3475,821,1438,724,301,1802,2998
303,3204,199,1533,1195,1195,3204,2170,679,3404,1624,2181,1329,3475,1195,3772,288,3718,2150,528,2135,2173,679,3475,2982
415,3718,2185,1055,2364,2364,3718,1861,3458,3113,2972,2617,1900,2150,2364,2703,1234,3773,1918,2998,3772,2181,3458,2150,3561
74,3773,2452,3005,2482,2482,3773,1562,2769,165,1822,1982,2610,1918,2482,317,1413,463,2551,2982,2703,2617,2769,1918,7
2916,463,2573,640,110,110,463,2364,144,429,1091,1497,2778,2551,110,590,821,464,1476,3561,317,1982,144,2551,484
2304,464,2325,1810,138,138,464,215,3272,2078,1358,166,658,1476,138,1613,528,548,453,7,590,1497,3272,1476,554
1628,548,3123,2786,1066,1066,548,2808,2967,910,2297,2484,1412,453,1066,215,2998,1120,961,484,1613,166,2967,453,1487
1632,1120,2885,3759,538,538,1120,1728,3307,1033,2692,2674,2675,961,538,1431,2982,2827,1012,554,215,2484,3307,961,1960
1759,2827,711,87,1017,1017,2827,94,1123,117,958,3140,819,1012,1017,405,3561,3460,1801,1487,1431,2674,1123,1012,2476
3254,3460,1784,482,2091,2091,3460,3057,2017,170,3077,3018,1369,1801,2091,2027,7,759,601,1960,405,3140,2017,1801,2956
3585,759,2177,489,2092,2092,759,574,2587,993,40,1521,1372,601,2092,261,484,569,2837,2476,2027,3018,2587,601,3127
678,569,23,114,2770,2770,569,1197,3204,2945,2392,876,2230,2837,2770,316,554,462,3276,2956,261,1521,3204,2837,3313
1387,462,1706,3300,3588,3588,462,1676,3718,173,2829,2924,3242,3276,3588,422,1487,3628,1343,3127,316,876,3718,3276,3560
2504,3628,1826,1162,3773,3773,3628,925,3773,199,1159,3087,1256,1343,3773,1528,1960,465,2894,3313,422,2924,3773,1343,584
1386,465,27,3079,839,839,465,1862,463,2185,2265,2414,2403,2894,839,2480,2476,17,3133,3560,1528,3087,463,2894,1211
1631,17,222,3270,1250,1250,17,2667,464,2452,1732,1126,1148,3133,1250,1381,2956,2558,833,584,2480,2414,464,3133,1898
2060,2558,261,2700,1455,1455,2558,2762,548,2573,1360,1745,2735,833,1455,3170,3127,1799,2319,1211,1381,1126,548,833,2464
560,1799,725,997,2130,2130,1799,2767,1120,3123,2007,3373,1304,2319,2130,1676,3313,476,2032,1898,3170,1745,1120,2319,371
3277,476,3289,2302,3323,3323,476,1532,2827,2885,3251,703,3375,2032,3323,3172,3560,573,3388,2464,3172,3373,2827,2032,1977
2018,573,1510,2697,995,995,573,445,3460,711,616,1773,773,3388,995,110,584,2568,2760,371,110,703,3460,3388,3017
3173,2568,973,2736,2019,2019,2568,1323,759,1784,2876,1836,3407,2760,2019,1167,1211,3274,3580,1977,1167,1773,759,2760,3183
2061,3274,1312,3268,737,737,3274,3398,569,2177,2669,3235,228,3580,737,3829,1898,572,815,3017,3829,1836,569,3580,3202
3431,572,107,673,3503,3503,572,679,462,23,255,2080,942,815,3503,1017,2464,2613,809,3183,1017,3235,462,815,3480
75,2613,3046,1613,1913,1913,2613,538,3628,1706,589,951,1690,809,1913,2770,371,96,629,3202,2770,2080,3628,809,240
1758,96,3570,1069,2674,2674,96,592,465,1826,2805,1394,1952,629,2674,3756,1977,1908,1297,3480,3756,951,465,629,1466
59,1908,3507,2023,3119,3119,1908,1675,17,27,3615,1443,1835,1297,3119,204,3017,2964,452,240,204,1394,17,1297,397
61,2964,1335,1929,2081,2081,2964,291,2558,222,1090,1782,3037,452,2081,206,3183,585,677,1466,206,1443,2558,452,3488
203,585,3418,2417,2082,2082,585,1633,1799,261,1819,546,1471,677,2082,839,3202,3461,3477,397,839,1782,1799,677,2366
2131,3461,416,3147,3345,3345,3461,2853,476,725,618,1688,1792,3477,3345,1455,3480,1798,676,3488,1455,546,476,3477,2675
745,1798,536,184,3703,3703,1798,159,573,3289,3707,3191,895,676,3703,1686,240,3160,451,2366,1686,1688,573,676,873
2160,3160,1217,460,3848,3848,3160,991,2568,1510,501,3002,1144,451,3848,1814,1466,3629,3226,2675,1814,3191,2568,451,1522
3491,3629,1595,3271,2818,2818,3629,1624,3274,973,1169,514,2991,3226,2818,2130,397,466,2497,873,2130,3002,3274,3226,2009
1916,466,1072,48,1663,1663,466,2972,572,1312,3124,1308,3667,2497,1663,2643,3488,3161,1667,1522,2643,514,572,2497,85
3104,3161,537,775,650,650,3161,1822,2613,107,1058,2681,268,1667,650,3178,2366,635,2505,2009,3178,1308,2613,1667,2401
1067,635,2194,1051,1400,1400,635,1091,96,3046,2915,690,557,2505,1400,3311,2675,148,2580,85,3311,2681,96,2505,3837
60,148,3043,2777,1438,1438,148,1358,1908,3570,541,769,1416,2580,1438,3323,873,288,2766,2401,3323,690,1908,2580,1687
2136,288,2275,861,3122,3122,288,2297,2964,3507,3011,1107,3032,2766,3122,2674,1522,2965,849,3837,2674,769,2964,2766,2002
2157,2965,3569,3149,3772,3772,2965,2692,585,1335,208,1721,243,849,3772,1130,2009,1106,2761,1687,1130,1107,585,849,2729
1867,1106,2323,1,3843,3843,1106,958,3461,3418,2863,580,2577,2761,3843,867,85,632,3063,2002,867,1721,3461,2761,3394
1465,632,2919,147,2703,2703,632,3077,1798,416,2531,1694,3376,3063,2703,3827,3837,1449,1229,2729,3827,580,1798,3063,1275
72,1449,3097,1484,202,202,1449,40,3160,536,737,2989,872,1229,202,3119,1687,2326,768,3394,3119,1694,3160,1229,2057
638,2326,337,3293,716,716,2326,2392,3629,1217,1599,1451,2398,768,716,1090,2002,566,2499,1275,1090,2989,3629,768,1101
3171,566,3091,3547,3412,3412,566,2829,466,1595,3300,1998,3135,2499,3412,1162,2729,565,2579,2057,1162,1451,466,2499,3246
1627,565,405,595,261,261,565,1159,3161,1072,22,2906,373,2579,261,3448,3394,1606,581,1101,3448,1998,3161,2579,3681
3829,1606,2451,1401,725,725,1606,2265,635,537,119,1147,1604,581,725,2573,1275,1636,1757,3246,2573,2906,635,581,116
3595,1636,3576,1591,1626,1626,1636,1732,148,2194,1136,1362,3102,1757,1626,3174,2057,2440,3476,3681,3174,1147,148,1757,1270
1167,2440,2252,1597,2370,2370,2440,1360,288,3043,853,2396,3668,3476,2370,2082,1101,3504,656,116,2082,2396,288,3476,283
3085,3504,2118,3171,43,43,3504,2007,2965,2275,2826,655,1722,656,43,3703,3246,1889,3029,1270,3703,655,2965,656,891
3338,1889,252,1548,351,351,1889,3251,1106,3569,2010,836,2950,3029,351,650,3681,3704,2054,283,650,836,1106,3029,1062
29,3704,1186,2356,1381,1381,3704,616,632,2323,480,3726,1506,2054,1381,1400,116,1873,3076,891,1400,3726,632,2054,3571
857,1873,1658,2544,3103,3103,1873,2876,1449,2919,2823,2679,1,3076,3103,2516,1270,3679,292,1062,2516,2679,1449,3076,3599
612,3679,620,2966,1672,1672,3679,2669,2326,3097,990,2959,7,292,1672,3473,283,1720,1617,3571,3473,2959,2326,292,1647
3223,1720,279,3172,136,136,1720,255,566,2444,2100,1894,98,1617,136,202,891,506,112,3599,202,1894,566,1617,2517
2093,506,1094,146,1331,1331,506,589,565,337,2875,2179,817,112,1331,716,1062,2612,2836,1647,716,2179,565,112,3512
317,2612,2169,2480,1676,1676,2612,2805,1606,3091,2269,2596,641,2836,1676,1987,3571,2911,1850,2517,1987,2596,1606,2836,3523
640,2911,1321,2527,2741,2741,2911,3615,1636,405,1444,667,1700,1850,2741,2879,3599,1875,2897,3512,2879,667,1636,1850,3376
2225,1875,2170,136,783,783,1875,1090,2440,2451,3660,1031,2418,2897,783,3617,1647,1078,304,3523,3617,1031,2440,2897,1144
3522,1078,1861,750,1389,1389,1078,1819,3504,3576,21,3107,272,304,1389,434,2517,1462,1974,3376,434,3107,3504,304,1299
738,1462,1562,755,2822,2822,1462,618,1889,2252,1800,3108,2971,1974,2822,2642,3512,1708,1996,1144,2642,3108,1889,1974,2229
3443,1708,2364,2765,3299,3299,1708,3707,3704,2118,1611,3322,248,1996,3299,725,3523,1105,454,1299,725,3322,3704,1996,3245
114,1105,215,3042,2788,2788,1105,501,1873,252,1807,3144,1244,454,2788,1626,3376,2614,1791,2229,1626,3144,1873,454,3301
1614,2614,2808,110,2834,2834,2614,1169,3679,1186,253,1429,3797,1791,2834,3838,1144,3505,2420,3245,3838,1429,3679,1791,1001
2027,3505,94,881,2365,2365,3505,3124,1720,1658,1170,2421,36,2420,2365,1938,1299,570,71,3301,1938,2421,1720,2420,2679
115,3702,574,1560,3756,3756,3702,1058,506,620,2453,1325,1533,71,3756,2094,2229,1460,2412,1001,2094,1325,506,71,2923
2134,570,1197,1631,2603,2603,570,2915,2612,279,127,1855,2193,2412,2603,2172,3245,1665,1620,2679,2172,1855,2612,2412,402
2226,1460,1676,2043,2802,2802,1460,541,2911,1094,1846,1856,2983,1620,2802,43,3301,1459,3100,2923,43,1856,2911,1620,2292
437,1665,925,3023,3311,3311,1665,3011,1875,2169,78,2334,1241,3100,3311,783,1001,2442,3627,402,783,2334,1875,3100,368
1644,1459,1862,1941,1629,1629,1459,208,1078,1321,221,3189,1966,3627,1629,2818,2679,3303,227,2292,2818,3189,1078,3627,1036
3294,2442,2667,3461,1659,1659,2442,2863,1462,2170,2428,1305,2951,227,1659,136,2923,503,3589,368,136,1305,1462,227,1098
28,3303,667,1607,541,541,3303,2531,1708,1861,1007,3683,3837,3589,541,1331,402,2441,1666,1036,1331,3683,1708,3589,1560
3827,503,2767,3852,822,822,503,737,1105,1562,3063,84,355,1666,822,2226,2292,2978,3594,1098,2226,84,1105,1666,2415
260,2441,1532,2401,2560,2560,2441,1599,2614,2364,1906,113,3130,3594,2560,2741,1036,2544,1842,2415,2741,113,2614,3594,3102
3172,2978,1323,841,2652,2652,2978,3300,3505,215,2518,425,2156,1842,2652,138,1098,1104,1097,3102,138,425,3505,1842,2625
680,2544,538,1943,1555,1555,2544,22,3702,2808,3210,472,2380,1097,1555,1389,1560,2214,0,2625,1389,472,3702,1097,245
204,1104,592,2380,3015,3015,1104,119,570,94,2778,615,2928,0,3015,3298,2415,549,2463,245,3298,615,570,0,1362
3800,2214,1675,2796,3444,3444,2214,1136,1460,574,250,906,2465,2463,3444,3299,3102,1874,2550,1362,3299,906,1460,2463,1792
3419,549,291,2834,1055,1055,549,853,1665,1197,263,2004,2992,2550,1055,2091,2625,505,3410,1792,2091,2004,1665,2550,1858
263,1874,1633,1540,1344,1344,1874,2826,1459,1676,1161,2072,3373,3410,1344,1562,245,996,749,1858,1562,2072,1459,3410,1894
2361,505,159,2018,2434,2434,505,2010,2442,925,2624,3109,1122,749,2434,1822,1362,507,1103,1894,1822,3109,2442,749,3194
2411,996,991,206,1341,1341,996,480,3303,1862,3038,697,2318,1103,1341,2290,1792,2977,1758,3194,2290,697,3303,1103,3199
1388,507,1624,801,1795,1795,507,2823,503,2667,3281,2211,3275,1758,1795,2603,1858,1077,2026,3199,2603,2211,503,1758,2989
2399,2977,2972,1416,2566,2566,2977,990,2441,667,1590,1831,3675,2026,2566,2365,1894,997,1915,2989,2365,1831,2441,2026,1540
3306,1077,1822,3120,2612,2612,1077,2100,2978,2767,3671,795,1927,1915,2612,1659,3194,2213,678,1540,1659,795,2978,1915,3188
3219,997,1091,34,3780,3780,997,2875,2544,1532,260,460,2414,678,3780,2092,3199,502,1078,3188,2092,460,2544,678,842
1810,2213,1358,2764,2939,2939,2213,2269,1104,1323,2500,1013,58,1078,2939,1250,2989,2976,2862,842,1250,1013,1104,1078,1440
2095,502,2297,3488,3502,3502,502,1444,2214,538,3177,1170,158,2862,3502,1312,1540,1461,2539,1440,1312,1170,2214,2862,2987
3089,2976,2692,2365,1958,1958,2976,3660,549,592,612,1367,162,2539,1958,2078,3188,1407,595,2987,2078,1367,549,2539,1796
1630,1461,958,1629,2573,2573,1461,21,1874,1675,2883,1368,1330,595,2573,1672,842,557,303,1796,1672,1368,1874,595,2450
3071,1407,3077,2970,3174,3174,1407,1800,505,291,1601,2934,3523,303,3174,2055,1440,2611,565,2450,2055,2934,505,303,109
3292,557,40,3131,294,294,557,1807,996,1633,3470,1559,3628,565,294,2939,2987,504,807,109,2939,1559,996,565,920
206,2611,2392,3702,3124,3124,2611,253,507,159,2529,2546,1473,807,3124,3182,1796,2063,2978,920,3182,2546,507,807,2942
688,504,2829,1732,3563,3563,504,1170,2977,991,2770,2666,2997,2978,3563,3632,2450,1920,2304,2942,3632,2666,2977,2978,3005
