run_0,run_1,run_2,run_3,run_4,run_5,run_6,run_7,run_8,run_9,run_10,run_11,run_12,run_13,run_14,run_15,run_16,run_17,run_18,run_19,run_20,run_21,run_22,run_23,run_24
893.0,659.0,781.0,3114.0,1629.0,1586.0,3893.0,1723.0,2851.0,2421.0,1735.0,1734.0,1214.0,364.0,1854.0,1151.0,1934.0,1668.0,1699.0,1124.0,91.0,1512.0,1316.0,1194.0,3893.0
1949.0,1322.0,280.0,142.0,512.0,1442.0,1182.0,1882.0,1392.0,1947.0,3449.0,3858.0,1723.0,853.0,406.0,557.0,1533.0,310.0,823.0,1232.0,1462.0,428.0,1478.0,1583.0,1419.0
512.0,3475.0,1660.0,2408.0,2993.0,2858.0,109.0,1586.0,75.0,861.0,2852.0,3864.0,659.0,314.0,1529.0,1509.0,717.0,1655.0,395.0,1176.0,1944.0,2914.0,2859.0,2864.0,3097.0
1292.0,1019.0,1411.0,1949.0,673.0,2949.0,1576.0,3190.0,1315.0,31.0,3248.0,1942.0,7.0,235.0,7.0,490.0,3465.0,624.0,163.0,2926.0,3864.0,2913.0,2996.0,1933.0,1582.0
2949.0,1434.0,3092.0,1543.0,3465.0,1854.0,2856.0,443.0,1817.0,2911.0,1854.0,2890.0,3014.0,875.0,1924.0,1900.0,1583.0,490.0,849.0,2387.0,155.0,1282.0,1699.0,3114.0,171.0
3166.0,3000.0,212.0,1214.0,3844.0,3923.0,3786.0,3855.0,1723.0,1297.0,1852.0,1297.0,1543.0,1896.0,428.0,2910.0,862.0,173.0,1869.0,1558.0,1689.0,1806.0,1869.0,1850.0,3026.0
1686.0,610.0,510.0,1953.0,862.0,3307.0,435.0,263.0,314.0,840.0,1583.0,1687.0,1412.0,1443.0,3595.0,1629.0,443.0,1532.0,7.0,3597.0,1678.0,1411.0,435.0,1900.0,2856.0
2981.0,770.0,1464.0,2949.0,2421.0,3365.0,1764.0,467.0,1566.0,1187.0,355.0,173.0,1869.0,1763.0,2759.0,3639.0,1718.0,1582.0,263.0,3071.0,849.0,346.0,1526.0,1296.0,212.0
1464.0,624.0,1295.0,1817.0,2913.0,1295.0,986.0,855.0,6.0,1526.0,2923.0,2761.0,3071.0,1526.0,173.0,3475.0,2896.0,2877.0,1339.0,1532.0,1533.0,731.0,350.0,3190.0,1808.0
3014.0,2981.0,1662.0,1291.0,395.0,395.0,1512.0,1232.0,873.0,443.0,435.0,3923.0,1112.0,1718.0,1095.0,1462.0,584.0,2856.0,2907.0,235.0,1868.0,142.0,1949.0,3166.0,3100.0
2089.0,2089.0,2089.0,2089.0,2089.0,2089.0,2622.0,2408.0,2089.0,2089.0,1034.0,2089.0,2089.0,3356.0,3365.0,1453.0,3600.0,454.0,724.0,1930.0,2089.0,2775.0,1780.0,2089.0,2089.0
,,1987.0,3601.0,2687.0,3601.0,860.0,1394.0,2729.0,2841.0,2531.0,2315.0,2396.0,2130.0,2089.0,1841.0,3214.0,2416.0,2303.0,1933.0,3581.0,452.0,1423.0,2396.0,1568.0
,,42.0,3214.0,2031.0,2315.0,3571.0,2144.0,2677.0,2687.0,160.0,2394.0,975.0,3353.0,2687.0,3117.0,2089.0,3135.0,3783.0,3232.0,1303.0,1393.0,2803.0,42.0,2546.0
,,2031.0,2729.0,2642.0,3556.0,2053.0,2089.0,2739.0,1303.0,328.0,3685.0,2940.0,2455.0,3117.0,607.0,3242.0,2718.0,1268.0,3902.0,2687.0,2979.0,2666.0,2948.0,1342.0
,,2266.0,650.0,2396.0,3685.0,941.0,1759.0,1982.0,2396.0,2400.0,42.0,2207.0,3664.0,1397.0,101.0,2583.0,2568.0,3078.0,3813.0,3898.0,3473.0,2796.0,2927.0,1403.0
,,2279.0,3440.0,523.0,2109.0,3497.0,1539.0,2396.0,2747.0,1997.0,2886.0,2729.0,3454.0,3302.0,387.0,2989.0,1810.0,342.0,2428.0,3342.0,563.0,3110.0,3117.0,1303.0
,,1303.0,3883.0,3148.0,3487.0,2776.0,121.0,674.0,3267.0,2272.0,833.0,1566.0,3078.0,1539.0,3133.0,470.0,1516.0,1382.0,1373.0,2686.0,3343.0,1242.0,3142.0,1566.0
,,668.0,3847.0,3502.0,1342.0,3660.0,2207.0,470.0,2109.0,3101.0,3075.0,2921.0,2507.0,3053.0,995.0,2470.0,1332.0,2146.0,506.0,2396.0,3569.0,2820.0,2408.0,2109.0
,,1358.0,2220.0,2886.0,184.0,2633.0,221.0,502.0,3342.0,3380.0,3601.0,2252.0,2366.0,3046.0,3068.0,1566.0,422.0,3810.0,1870.0,371.0,3174.0,219.0,1394.0,1358.0
,,2759.0,1394.0,1303.0,1454.0,2132.0,3898.0,3551.0,663.0,472.0,3475.0,2901.0,308.0,2403.0,1964.0,1506.0,3777.0,2652.0,3502.0,2904.0,1054.0,2385.0,3111.0,3866.0
,,2677.0,3173.0,1853.0,1133.0,1479.0,184.0,268.0,3148.0,1141.0,1539.0,2642.0,1266.0,3173.0,1380.0,1925.0,2236.0,1653.0,2171.0,2753.0,1521.0,1441.0,2916.0,2031.0
,,833.0,2109.0,2841.0,650.0,1049.0,3556.0,3911.0,353.0,2109.0,3149.0,124.0,387.0,1345.0,169.0,1713.0,2099.0,3168.0,3706.0,502.0,2898.0,3159.0,3135.0,2408.0
,,2403.0,132.0,663.0,724.0,254.0,376.0,3075.0,2923.0,3294.0,2396.0,470.0,433.0,3898.0,3221.0,184.0,3156.0,3011.0,3109.0,2403.0,624.0,1962.0,3642.0,1394.0
,,859.0,2739.0,2194.0,1304.0,3175.0,3255.0,560.0,121.0,374.0,2109.0,199.0,3040.0,2416.0,2421.0,2695.0,2482.0,1785.0,3540.0,297.0,1488.0,3185.0,1317.0,631.0
,,2234.0,124.0,3553.0,3643.0,1943.0,2642.0,3847.0,3169.0,1342.0,2927.0,1342.0,2024.0,2739.0,2572.0,3774.0,1671.0,3180.0,1200.0,3640.0,2994.0,931.0,1218.0,2403.0
,,3320.0,2901.0,502.0,1453.0,580.0,2109.0,3871.0,2834.0,1722.0,2258.0,1296.0,1470.0,3050.0,2086.0,3267.0,3079.0,40.0,1155.0,755.0,691.0,2768.0,1411.0,2948.0
,,3490.0,2403.0,1895.0,1039.0,3352.0,3001.0,2403.0,3776.0,2580.0,2505.0,1692.0,2564.0,1650.0,922.0,42.0,790.0,2410.0,2103.0,1539.0,2089.0,2189.0,2594.0,3190.0
,,1335.0,1650.0,374.0,3883.0,1174.0,3100.0,1180.0,374.0,5.0,1566.0,3403.0,146.0,1815.0,2346.0,104.0,2250.0,1604.0,1920.0,2109.0,2109.0,2386.0,2017.0,2916.0
,,1566.0,1539.0,2168.0,1566.0,3202.0,872.0,3149.0,2753.0,1303.0,1692.0,2923.0,460.0,1532.0,2206.0,1218.0,2984.0,2129.0,3911.0,2747.0,2234.0,2359.0,2436.0,3642.0
,,3214.0,668.0,1358.0,3884.0,994.0,1411.0,2787.0,859.0,691.0,1133.0,517.0,348.0,836.0,2259.0,1411.0,2672.0,2837.0,1025.0,2234.0,668.0,870.0,3728.0,3111.0
,,3113.0,3294.0,3294.0,855.0,1387.0,374.0,3469.0,1795.0,3592.0,2769.0,1925.0,3409.0,6.0,620.0,3895.0,1691.0,2650.0,2190.0,2713.0,2758.0,1061.0,833.0,3135.0
,,733.0,557.0,2923.0,89.0,3089.0,3050.0,3532.0,1566.0,3117.0,3469.0,1442.0,73.0,447.0,3689.0,45.0,1562.0,2250.0,3158.0,2383.0,374.0,979.0,2815.0,2764.0
,,2010.0,1733.0,1759.0,1735.0,97.0,1566.0,121.0,895.0,1566.0,938.0,2544.0,1321.0,3871.0,335.0,1871.0,95.0,3397.0,1544.0,3175.0,2785.0,1548.0,3137.0,1477.0
,,2739.0,1303.0,1539.0,432.0,3851.0,3111.0,2718.0,1748.0,1436.0,1442.0,374.0,3464.0,1733.0,1251.0,2869.0,1341.0,350.0,2036.0,553.0,2927.0,2676.0,3908.0,3908.0
,,109.0,353.0,2307.0,983.0,865.0,1658.0,3739.0,3061.0,3371.0,1853.0,3775.0,351.0,1122.0,3652.0,2408.0,956.0,1240.0,3350.0,2207.0,895.0,3011.0,3014.0,2594.0
,,2277.0,2931.0,2234.0,3895.0,2497.0,2948.0,2923.0,1342.0,2927.0,3643.0,1303.0,3793.0,3149.0,2564.0,3100.0,3668.0,2869.0,3554.0,3911.0,1650.0,3022.0,611.0,1317.0
,,268.0,2758.0,2783.0,3075.0,132.0,2358.0,668.0,2031.0,2812.0,2748.0,2802.0,3709.0,2884.0,2765.0,1394.0,2802.0,2172.0,149.0,2905.0,2396.0,1059.0,3198.0,3703.0
,,296.0,3120.0,3149.0,2031.0,3884.0,3403.0,353.0,3709.0,1759.0,1490.0,2580.0,949.0,1536.0,2950.0,872.0,1163.0,2807.0,2392.0,1043.0,1342.0,3579.0,930.0,2689.0
,,3871.0,3567.0,3601.0,5.0,627.0,3135.0,2220.0,2815.0,895.0,2877.0,3159.0,3585.0,3555.0,2164.0,1924.0,2162.0,1789.0,1425.0,885.0,663.0,2628.0,221.0,3856.0
,,1539.0,674.0,3841.0,2712.0,1212.0,1924.0,1539.0,1205.0,2089.0,2796.0,36.0,2269.0,2220.0,2645.0,3190.0,1715.0,2234.0,1822.0,2213.0,2886.0,1332.0,1210.0,303.0
,,2109.0,3899.0,1692.0,1303.0,2211.0,181.0,1733.0,2416.0,1539.0,2758.0,2737.0,349.0,502.0,2547.0,3129.0,2268.0,1342.0,3542.0,895.0,3214.0,2148.0,2830.0,3403.0
,,1921.0,885.0,2739.0,2905.0,3006.0,1764.0,2747.0,2580.0,511.0,1303.0,668.0,1936.0,3666.0,2691.0,2948.0,935.0,2783.0,3213.0,1342.0,2403.0,317.0,2847.0,2583.0
,,3858.0,1658.0,3190.0,2383.0,147.0,3908.0,3267.0,109.0,3149.0,2047.0,938.0,3702.0,2324.0,1756.0,611.0,3050.0,1303.0,3134.0,1759.0,975.0,2513.0,2254.0,909.0
,,3365.0,109.0,3050.0,3776.0,2116.0,3642.0,1650.0,1568.0,2824.0,3267.0,6.0,691.0,3232.0,3096.0,3111.0,2313.0,2089.0,1865.0,2194.0,1403.0,2774.0,3120.0,820.0
,,938.0,1420.0,2567.0,1539.0,315.0,2916.0,359.0,1419.0,2416.0,2686.0,2686.0,1898.0,3469.0,374.0,2916.0,1388.0,668.0,659.0,3164.0,2207.0,149.0,3089.0,104.0
,,663.0,3455.0,1673.0,1692.0,320.0,1317.0,2885.0,2886.0,2593.0,1650.0,2194.0,946.0,2729.0,42.0,3642.0,2635.0,1539.0,739.0,3901.0,1975.0,712.0,2487.0,3886.0
,,3465.0,693.0,2824.0,668.0,663.0,611.0,374.0,2134.0,885.0,772.0,2403.0,3713.0,1303.0,1566.0,2448.0,556.0,2109.0,828.0,2374.0,1454.0,1721.0,3100.0,1449.0
,,708.0,1122.0,186.0,1403.0,296.0,373.0,3649.0,495.0,1975.0,3326.0,2841.0,716.0,1180.0,17.0,181.0,1719.0,289.0,1033.0,2714.0,1853.0,2832.0,443.0,3532.0
,,2544.0,553.0,2164.0,371.0,1454.0,2594.0,2927.0,2502.0,2748.0,1788.0,3899.0,2390.0,124.0,553.0,1296.0,1819.0,374.0,3878.0,3149.0,2747.0,1626.0,721.0,45.0
,,2923.0,2416.0,910.0,3469.0,1566.0,3208.0,3001.0,1268.0,2758.0,2739.0,2234.0,150.0,640.0,3883.0,658.0,3227.0,1045.0,3107.0,2819.0,3776.0,3390.0,872.0,3014.0
,,3502.0,3001.0,2403.0,2714.0,2089.0,3198.0,3555.0,6.0,2234.0,2416.0,351.0,3895.0,3628.0,1975.0,1366.0,1482.0,6.0,443.0,1650.0,1303.0,3164.0,1204.0,611.0
,,887.0,2402.0,2845.0,124.0,1760.0,3120.0,3585.0,3614.0,2168.0,2642.0,1563.0,1692.0,65.0,1358.0,909.0,1305.0,1582.0,2923.0,6.0,3117.0,2351.0,1673.0,470.0
,,1759.0,257.0,1411.0,1759.0,1403.0,158.0,2493.0,3075.0,289.0,27.0,2769.0,2547.0,1133.0,1733.0,1673.0,1576.0,2396.0,1303.0,3322.0,684.0,1177.0,3129.0,3113.0
,,2383.0,2923.0,2948.0,2904.0,1272.0,3636.0,252.0,2164.0,2879.0,3583.0,2747.0,3114.0,1895.0,3277.0,1692.0,565.0,1358.0,3188.0,1965.0,674.0,1791.0,3169.0,111.0
,,2762.0,1835.0,903.0,2234.0,3148.0,1163.0,1454.0,1209.0,2739.0,1628.0,2307.0,374.0,2621.0,2544.0,3636.0,3349.0,3148.0,45.0,2710.0,3600.0,3821.0,202.0,3697.0
,,2712.0,268.0,3046.0,2536.0,42.0,3614.0,975.0,2544.0,1358.0,1874.0,859.0,956.0,1238.0,251.0,885.0,1966.0,2747.0,6.0,1853.0,2686.0,1128.0,1533.0,353.0
,,1536.0,3786.0,1416.0,2396.0,343.0,1124.0,313.0,1539.0,2396.0,1239.0,502.0,1454.0,42.0,910.0,1843.0,2979.0,1895.0,374.0,1536.0,2354.0,3061.0,1759.0,3743.0
,,3149.0,502.0,3466.0,3149.0,6.0,909.0,903.0,132.0,1692.0,3169.0,27.0,3365.0,1836.0,2416.0,2144.0,103.0,2686.0,2234.0,374.0,2753.0,2354.0,1539.0,3169.0
,,1133.0,691.0,2544.0,2601.0,1303.0,1682.0,196.0,3850.0,557.0,1513.0,3342.0,1342.0,374.0,1052.0,558.0,803.0,1692.0,691.0,2879.0,2923.0,3555.0,553.0,917.0
,,2927.0,1455.0,2815.0,1895.0,374.0,1530.0,3050.0,1420.0,2207.0,1180.0,2748.0,3465.0,1342.0,3643.0,2505.0,3452.0,1853.0,2686.0,3267.0,1335.0,3309.0,1658.0,841.0
,,1296.0,3403.0,1132.0,2686.0,495.0,2503.0,557.0,2642.0,674.0,3402.0,1205.0,1205.0,2234.0,377.0,3135.0,3129.0,3569.0,1358.0,42.0,1692.0,13.0,1049.0,956.0
,,3267.0,1384.0,3643.0,916.0,1975.0,1729.0,2164.0,165.0,3466.0,536.0,2753.0,859.0,1335.0,536.0,2911.0,374.0,2194.0,1342.0,663.0,2677.0,3095.0,1366.0,3120.0
,,795.0,663.0,536.0,2403.0,2579.0,1284.0,3455.0,2583.0,2905.0,3342.0,772.0,2927.0,2383.0,1342.0,1501.0,251.0,3267.0,3776.0,1047.0,3678.0,2401.0,1891.0,680.0
,,2845.0,371.0,3011.0,36.0,956.0,1660.0,2904.0,1779.0,6.0,408.0,2750.0,523.0,2686.0,3360.0,1497.0,2253.0,3294.0,663.0,668.0,1566.0,1094.0,1924.0,1210.0
,,2686.0,3046.0,684.0,764.0,1342.0,2340.0,3742.0,1550.0,2642.0,89.0,916.0,2593.0,1399.0,691.0,1788.0,663.0,1650.0,1760.0,712.0,1760.0,1109.0,181.0,2981.0
,,901.0,697.0,1304.0,2.0,2845.0,1052.0,1342.0,2307.0,1488.0,973.0,2602.0,251.0,2354.0,663.0,2241.0,1566.0,1434.0,832.0,3117.0,6.0,1845.0,1566.0,
,,1853.0,3564.0,2909.0,3294.0,2383.0,2856.0,2695.0,523.0,2164.0,1673.0,2420.0,772.0,1454.0,2606.0,3255.0,3899.0,1239.0,251.0,109.0,3365.0,1281.0,558.0,
,,149.0,1342.0,1733.0,2739.0,2923.0,1205.0,1304.0,2214.0,859.0,245.0,1539.0,2886.0,1434.0,2905.0,1789.0,1975.0,2923.0,3294.0,3668.0,2748.0,2126.0,3486.0,
,,574.0,2819.0,191.0,975.0,3294.0,3400.0,553.0,502.0,3841.0,184.0,1454.0,2758.0,2396.0,2109.0,2803.0,3502.0,2885.0,1566.0,804.0,2739.0,1015.0,3636.0,
,,1132.0,2486.0,3706.0,2885.0,2927.0,3267.0,79.0,2492.0,2886.0,409.0,557.0,3871.0,2753.0,1454.0,1539.0,2901.0,1427.0,1120.0,2927.0,371.0,3881.0,2238.0,
,,2396.0,2696.0,3907.0,1180.0,3899.0,1673.0,973.0,1453.0,3148.0,349.0,872.0,2923.0,2214.0,1297.0,1019.0,718.0,833.0,2109.0,3871.0,1761.0,214.0,1660.0,
,,2416.0,1542.0,3697.0,841.0,2739.0,3129.0,2931.0,1122.0,2686.0,1674.0,524.0,2885.0,557.0,2089.0,2849.0,3231.0,2927.0,502.0,2923.0,167.0,1941.0,909.0,
,,2505.0,2234.0,1650.0,2997.0,2109.0,1218.0,2987.0,2686.0,2199.0,2855.0,1024.0,2877.0,2544.0,1944.0,1294.0,1442.0,895.0,2031.0,1437.0,916.0,191.0,2621.0,
,,1781.0,763.0,55.0,627.0,1650.0,1533.0,2.0,3442.0,938.0,878.0,78.0,2931.0,2764.0,2861.0,1018.0,6.0,3678.0,3365.0,2739.0,27.0,1148.0,1216.0,
,,3833.0,6.0,1827.0,109.0,3706.0,3014.0,2845.0,1215.0,2307.0,2351.0,3267.0,2905.0,3294.0,2932.0,2693.0,3365.0,523.0,2927.0,674.0,3858.0,192.0,68.0,
,,1047.0,1358.0,2764.0,3001.0,239.0,1366.0,1358.0,2759.0,2931.0,3742.0,1453.0,3148.0,359.0,1759.0,1853.0,1454.0,1254.0,2089.0,268.0,3351.0,815.0,1795.0,
,,2108.0,2845.0,623.0,1558.0,1815.0,3304.0,1221.0,2344.0,521.0,1052.0,1089.0,2168.0,3001.0,3594.0,3142.0,2109.0,1532.0,2759.0,1566.0,708.0,154.0,1764.0,
,,104.0,3097.0,1709.0,297.0,313.0,553.0,3668.0,1358.0,2877.0,2786.0,2886.0,2505.0,859.0,1539.0,336.0,1342.0,3858.0,3434.0,2764.0,2220.0,3396.0,2709.0,
,,1855.0,1237.0,2713.0,2415.0,674.0,17.0,3794.0,470.0,3365.0,470.0,3708.0,3214.0,1148.0,3567.0,851.0,3214.0,3911.0,3639.0,149.0,495.0,289.0,3883.0,
,,1779.0,2133.0,3883.0,2108.0,534.0,1477.0,2544.0,1975.0,1454.0,1296.0,2010.0,2904.0,3533.0,1133.0,1477.0,313.0,1454.0,2886.0,2799.0,2544.0,541.0,2824.0,
,,3399.0,3555.0,349.0,2819.0,1358.0,470.0,1979.0,3294.0,1864.0,274.0,711.0,2234.0,423.0,450.0,3365.0,2739.0,2394.0,956.0,208.0,2164.0,3190.0,1808.0,
,,2382.0,3412.0,3365.0,2764.0,1539.0,2505.0,3881.0,3046.0,3911.0,852.0,3697.0,2879.0,1663.0,668.0,1320.0,1979.0,2753.0,1975.0,1982.0,2879.0,2234.0,1497.0,
,,1403.0,3466.0,208.0,1023.0,3909.0,558.0,27.0,2042.0,672.0,3746.0,1358.0,1358.0,3403.0,833.0,930.0,1539.0,1566.0,27.0,2031.0,3533.0,374.0,3496.0,
,,1117.0,2382.0,1815.0,3214.0,2351.0,111.0,423.0,2931.0,2921.0,1815.0,2927.0,916.0,901.0,2904.0,142.0,2923.0,2687.0,3465.0,1454.0,2926.0,691.0,2544.0,
,,382.0,1434.0,2524.0,674.0,251.0,2322.0,403.0,3175.0,872.0,2108.0,1122.0,353.0,2923.0,3871.0,2910.0,3567.0,1987.0,895.0,1304.0,1434.0,1566.0,2869.0,
,,1180.0,1553.0,149.0,3360.0,268.0,1296.0,1815.0,2403.0,663.0,111.0,2416.0,663.0,3267.0,523.0,3908.0,49.0,495.0,3871.0,3075.0,3452.0,1303.0,1420.0,
,,3075.0,640.0,3198.0,1550.0,216.0,68.0,2152.0,2949.0,2759.0,1183.0,2583.0,3342.0,2662.0,2031.0,2851.0,1759.0,3441.0,1304.0,2824.0,3267.0,1205.0,104.0,
,,62.0,1304.0,1566.0,3455.0,1265.0,841.0,263.0,2184.0,1434.0,2403.0,833.0,1853.0,1853.0,3149.0,1317.0,3149.0,1296.0,668.0,2324.0,1014.0,251.0,2682.0,
,,111.0,1815.0,2416.0,502.0,1630.0,721.0,2214.0,1477.0,121.0,297.0,132.0,2109.0,3169.0,126.0,1216.0,3058.0,663.0,1205.0,1442.0,1733.0,2923.0,1530.0,
,,2152.0,895.0,1532.0,268.0,3169.0,2824.0,3159.0,1658.0,2184.0,2759.0,2492.0,2089.0,2677.0,895.0,1848.0,1855.0,2886.0,1989.0,3129.0,1358.0,2403.0,55.0,
,,2831.0,349.0,906.0,1098.0,2544.0,2621.0,239.0,2.0,2904.0,447.0,1853.0,674.0,2927.0,2739.0,1651.0,560.0,3322.0,2758.0,2236.0,3342.0,895.0,623.0,
,,973.0,1180.0,1023.0,17.0,815.0,1588.0,62.0,376.0,871.0,2345.0,3231.0,1296.0,895.0,2886.0,3014.0,2886.0,2403.0,2904.0,910.0,2416.0,1692.0,1532.0,
,,3841.0,973.0,111.0,2824.0,1335.0,109.0,2416.0,2845.0,2819.0,126.0,2448.0,2307.0,2819.0,1536.0,1764.0,233.0,2714.0,885.0,2886.0,2932.0,387.0,3351.0,
,,3001.0,2354.0,3089.0,1836.0,2152.0,3169.0,2612.0,221.0,27.0,2764.0,3294.0,1303.0,1039.0,1853.0,553.0,3841.0,1205.0,1878.0,121.0,2695.0,2932.0,1112.0,
,,1454.0,1133.0,833.0,2543.0,3502.0,2869.0,1120.0,833.0,3267.0,3884.0,2869.0,2396.0,3164.0,3342.0,2571.0,2214.0,91.0,3117.0,1521.0,89.0,524.0,1586.0,
,,1307.0,637.0,1180.0,2759.0,3013.0,2445.0,3567.0,1317.0,3640.0,104.0,1403.0,2932.0,27.0,3899.0,3614.0,772.0,3365.0,859.0,2796.0,2580.0,1434.0,1682.0,
,,871.0,1975.0,1133.0,3502.0,3046.0,2056.0,663.0,1133.0,1835.0,1979.0,2879.0,42.0,3013.0,2194.0,1530.0,1944.0,1304.0,2879.0,2416.0,377.0,62.0,3001.0,
,,2583.0,2815.0,538.0,2544.0,1754.0,1528.0,2955.0,2131.0,3169.0,495.0,739.0,3469.0,885.0,595.0,158.0,2010.0,121.0,2876.0,2152.0,2031.0,1411.0,841.0,
,,872.0,2289.0,3899.0,3380.0,3532.0,1501.0,377.0,2812.0,1205.0,3708.0,3592.0,1699.0,1120.0,1658.0,978.0,2493.0,502.0,2396.0,3169.0,789.0,2089.0,956.0,
,,3855.0,2448.0,109.0,444.0,2686.0,1294.0,257.0,1815.0,2403.0,3502.0,3126.0,570.0,62.0,1403.0,2056.0,1358.0,1133.0,2476.0,1115.0,2212.0,2601.0,2322.0,
,,2351.0,2927.0,1420.0,2695.0,523.0,66.0,2886.0,1239.0,1132.0,3899.0,121.0,2739.0,1713.0,956.0,448.0,3188.0,3871.0,833.0,1588.0,353.0,2544.0,3159.0,
,,876.0,2886.0,2104.0,2886.0,1240.0,3365.0,3833.0,3706.0,149.0,3592.0,208.0,895.0,2901.0,3365.0,758.0,573.0,3159.0,2714.0,3392.0,1221.0,2552.0,1254.0,
,,2824.0,1566.0,257.0,2778.0,2403.0,1497.0,531.0,2971.0,502.0,6.0,2713.0,2383.0,1388.0,2923.0,3198.0,2403.0,1413.0,2877.0,851.0,121.0,1358.0,3673.0,
,,1655.0,3267.0,1103.0,3639.0,444.0,112.0,1455.0,2079.0,3502.0,2324.0,3871.0,557.0,2885.0,2474.0,1891.0,1754.0,2739.0,1692.0,1815.0,444.0,343.0,1692.0,
,,531.0,3131.0,3001.0,882.0,3312.0,3013.0,3502.0,2234.0,3403.0,3455.0,1513.0,1786.0,3757.0,2864.0,1098.0,1779.0,859.0,5.0,3465.0,2194.0,502.0,2924.0,
,,1824.0,2695.0,2220.0,3706.0,45.0,1788.0,124.0,2764.0,3147.0,3392.0,2906.0,2042.0,208.0,2927.0,2192.0,186.0,2615.0,3739.0,2740.0,3040.0,2885.0,2819.0,
,,1239.0,1759.0,3666.0,2955.0,3258.0,1789.0,1232.0,1120.0,2894.0,72.0,3149.0,1760.0,263.0,2010.0,938.0,2505.0,1845.0,1393.0,1193.0,1532.0,1403.0,3365.0,
,,3576.0,3149.0,1098.0,3740.0,1979.0,1019.0,2486.0,684.0,524.0,263.0,3075.0,1508.0,212.0,2505.0,1795.0,1303.0,3620.0,2885.0,1354.0,3871.0,2758.0,935.0,
,,1577.0,186.0,2214.0,1335.0,1221.0,2849.0,1235.0,901.0,1779.0,876.0,2109.0,1272.0,2181.0,2869.0,17.0,1925.0,2167.0,1240.0,111.0,2931.0,672.0,1772.0,
,,343.0,917.0,917.0,2289.0,257.0,712.0,2543.0,1221.0,3636.0,2214.0,1180.0,1031.0,1276.0,1335.0,212.0,557.0,1403.0,1454.0,1416.0,1539.0,2505.0,3428.0,
,,1342.0,1387.0,2799.0,2618.0,910.0,2851.0,3899.0,1272.0,2885.0,1025.0,2502.0,2762.0,2583.0,1507.0,1420.0,1481.0,2383.0,2925.0,251.0,1304.0,1297.0,1442.0,
,,3742.0,1836.0,2580.0,1878.0,2886.0,1018.0,2617.0,3149.0,2747.0,3046.0,3046.0,3899.0,3556.0,1815.0,3861.0,523.0,2307.0,1868.0,3883.0,3607.0,1133.0,3614.0,
,,2879.0,1754.0,3403.0,2220.0,233.0,336.0,2879.0,689.0,2544.0,1215.0,2103.0,2925.0,2351.0,999.0,2758.0,2824.0,2010.0,2741.0,353.0,2601.0,3214.0,3488.0,
,,1650.0,2737.0,432.0,359.0,841.0,529.0,916.0,2927.0,2783.0,1553.0,1384.0,872.0,3899.0,859.0,1467.0,2495.0,3846.0,1419.0,1791.0,2.0,1539.0,454.0,
,,191.0,3200.0,2351.0,1521.0,3895.0,2910.0,1205.0,1455.0,3465.0,502.0,3502.0,1098.0,1149.0,2234.0,3567.0,2544.0,1982.0,2355.0,3643.0,2492.0,2383.0,1342.0,
,,2580.0,2713.0,353.0,149.0,3455.0,196.0,772.0,27.0,769.0,1177.0,1387.0,3267.0,2580.0,6.0,917.0,1644.0,3469.0,3898.0,1098.0,3502.0,1815.0,1544.0,
,,885.0,149.0,447.0,573.0,2931.0,978.0,885.0,2921.0,3469.0,1342.0,1437.0,2544.0,1358.0,3294.0,3911.0,2307.0,109.0,1916.0,2220.0,3006.0,2686.0,3231.0,
,,659.0,3050.0,1297.0,2923.0,885.0,142.0,132.0,2926.0,1296.0,3466.0,1815.0,1120.0,495.0,1215.0,3743.0,1307.0,2493.0,1944.0,2544.0,3010.0,1779.0,212.0,
,,1874.0,5.0,2802.0,1815.0,3365.0,1507.0,2156.0,876.0,1586.0,3360.0,906.0,165.0,3502.0,2241.0,3046.0,2927.0,2664.0,2493.0,2580.0,3891.0,938.0,680.0,
,,1815.0,3312.0,2108.0,1650.0,3833.0,873.0,2251.0,3881.0,1853.0,3543.0,5.0,3013.0,3569.0,2443.0,789.0,2104.0,3899.0,2739.0,1895.0,1591.0,3257.0,3706.0,
,,2764.0,2824.0,1855.0,2831.0,1307.0,2192.0,1453.0,764.0,1180.0,2888.0,1521.0,3046.0,3214.0,1205.0,3643.0,2402.0,2024.0,2971.0,3113.0,3898.0,3365.0,149.0,
,,2220.0,2544.0,885.0,1270.0,1130.0,2896.0,2166.0,1617.0,2383.0,2544.0,2648.0,6.0,2552.0,1650.0,2815.0,2879.0,3117.0,2667.0,3569.0,1148.0,2876.0,560.0,
,,208.0,3666.0,3340.0,355.0,3374.0,833.0,1760.0,3001.0,2156.0,359.0,1650.0,495.0,2104.0,1434.0,3578.0,662.0,2758.0,2750.0,447.0,268.0,3294.0,2759.0,
,,2276.0,199.0,841.0,1025.0,637.0,3601.0,3858.0,1152.0,3455.0,1200.0,45.0,1539.0,371.0,689.0,2832.0,3046.0,2905.0,2307.0,3011.0,1120.0,852.0,3046.0,
,,1620.0,2885.0,2931.0,1855.0,2879.0,3533.0,3180.0,1760.0,1246.0,2580.0,297.0,180.0,796.0,2686.0,3883.0,2324.0,901.0,2931.0,1836.0,2921.0,1180.0,3643.0,
,,836.0,2648.0,3409.0,1248.0,2925.0,45.0,1772.0,1117.0,1248.0,3743.0,3220.0,106.0,401.0,149.0,2987.0,1387.0,2877.0,2778.0,3358.0,186.0,1454.0,983.0,
,,1544.0,523.0,3628.0,557.0,833.0,2544.0,3214.0,511.0,704.0,1388.0,353.0,1759.0,2042.0,3322.0,1733.0,1853.0,2934.0,557.0,1878.0,872.0,3898.0,3013.0,
,,184.0,3326.0,393.0,2927.0,895.0,956.0,2758.0,772.0,1304.0,2490.0,3464.0,1304.0,1414.0,1464.0,3001.0,1414.0,2879.0,674.0,1120.0,3294.0,557.0,2416.0,
,,3883.0,2118.0,3075.0,3871.0,2885.0,1475.0,1335.0,3555.0,2402.0,2104.0,1133.0,1481.0,5.0,2901.0,1481.0,2686.0,1272.0,3214.0,1733.0,2502.0,3502.0,1215.0,
,,2819.0,1109.0,3010.0,885.0,349.0,3510.0,1270.0,1304.0,2354.0,3001.0,2486.0,111.0,1759.0,31.0,1564.0,553.0,1658.0,3710.0,1317.0,3149.0,1975.0,109.0,
,,2909.0,1335.0,359.0,2877.0,2234.0,1098.0,1122.0,1108.0,3358.0,3403.0,523.0,3149.0,1221.0,2879.0,3891.0,1453.0,3350.0,289.0,2646.0,1204.0,916.0,45.0,
,,2214.0,1779.0,3267.0,637.0,3149.0,1149.0,1133.0,1998.0,3014.0,1358.0,2220.0,2796.0,2737.0,1419.0,2931.0,1180.0,3200.0,2687.0,1481.0,772.0,3569.0,3891.0,
,,1521.0,3442.0,3576.0,2402.0,2486.0,3833.0,3013.0,3010.0,523.0,2583.0,663.0,2909.0,149.0,2819.0,377.0,2845.0,2800.0,1434.0,1307.0,3705.0,3148.0,3360.0,
,,1420.0,636.0,662.0,104.0,2487.0,1467.0,945.0,3643.0,1403.0,2677.0,1045.0,2921.0,1025.0,3466.0,349.0,3086.0,2930.0,353.0,1358.0,3697.0,1853.0,3075.0,
,,1692.0,2879.0,876.0,2580.0,2307.0,2987.0,267.0,3597.0,910.0,1335.0,2739.0,2154.0,2886.0,3214.0,1334.0,1815.0,1733.0,900.0,3046.0,1815.0,3001.0,2220.0,
,,1270.0,1411.0,2035.0,343.0,684.0,2931.0,3374.0,2877.0,447.0,3871.0,3628.0,1039.0,1387.0,3564.0,2759.0,2220.0,353.0,556.0,3001.0,2493.0,2109.0,3334.0,
,,1754.0,1454.0,2109.0,379.0,2695.0,560.0,2925.0,3858.0,45.0,557.0,161.0,3294.0,2845.0,1050.0,3075.0,3258.0,3149.0,836.0,2695.0,2214.0,1759.0,2713.0,
,,3046.0,374.0,3159.0,1577.0,2505.0,3697.0,2667.0,3666.0,3050.0,186.0,3567.0,781.0,1442.0,2885.0,3010.0,3706.0,1335.0,1539.0,470.0,1586.0,3149.0,1733.0,
,,636.0,3502.0,749.0,353.0,3231.0,3075.0,1303.0,907.0,2621.0,2164.0,184.0,1815.0,121.0,1989.0,1759.0,1403.0,3502.0,444.0,917.0,910.0,6.0,349.0,
,,3643.0,409.0,1414.0,1779.0,2799.0,2416.0,2686.0,2879.0,1221.0,1205.0,2931.0,2214.0,1453.0,1149.0,2819.0,1133.0,637.0,2164.0,2307.0,3011.0,3899.0,3374.0,
,,1658.0,3833.0,3312.0,267.0,2602.0,257.0,2383.0,1791.0,2834.0,2492.0,2289.0,1180.0,2796.0,3469.0,712.0,3871.0,1759.0,2748.0,2762.0,1215.0,3050.0,3403.0,
,,1667.0,772.0,3220.0,3013.0,1434.0,1403.0,2921.0,1148.0,2220.0,836.0,2815.0,1477.0,3075.0,1878.0,111.0,895.0,3075.0,1296.0,3578.0,2759.0,199.0,3466.0,
,,3010.0,673.0,1334.0,62.0,2166.0,3046.0,3886.0,3164.0,3776.0,1733.0,1467.0,1133.0,1017.0,2845.0,684.0,3249.0,470.0,1650.0,2448.0,3082.0,2843.0,1098.0,
,,1024.0,3282.0,1771.0,1358.0,2543.0,3643.0,1759.0,983.0,109.0,1975.0,3148.0,885.0,1788.0,2667.0,3403.0,3360.0,885.0,1437.0,45.0,3013.0,3380.0,536.0,
,,251.0,2925.0,2324.0,3050.0,1204.0,3592.0,2438.0,2152.0,1895.0,3294.0,3883.0,2416.0,191.0,2.0,2996.0,684.0,636.0,2803.0,3776.0,3046.0,1342.0,2.0,
,,3567.0,470.0,1282.0,2505.0,1108.0,1815.0,1215.0,2909.0,2448.0,1047.0,1281.0,2876.0,2762.0,2925.0,3360.0,3148.0,359.0,109.0,2981.0,1039.0,1215.0,184.0,
,,3163.0,573.0,2487.0,374.0,297.0,3743.0,349.0,1454.0,684.0,2543.0,109.0,121.0,184.0,1387.0,2214.0,1249.0,3743.0,3113.0,,1317.0,27.0,3267.0,
,,684.0,27.0,1754.0,910.0,1180.0,3277.0,95.0,1655.0,2487.0,17.0,684.0,3010.0,2909.0,2472.0,3639.0,3850.0,2.0,2642.0,,2778.0,3046.0,3017.0,
,,3013.0,3911.0,3013.0,6.0,2402.0,885.0,3399.0,789.0,196.0,1507.0,1361.0,1115.0,910.0,1470.0,2109.0,2487.0,2819.0,2544.0,,111.0,975.0,61.0,
,,2695.0,2490.0,1481.0,901.0,2876.0,1442.0,1296.0,2530.0,2486.0,2909.0,1272.0,2764.0,3643.0,2137.0,3013.0,3697.0,1233.0,1149.0,,296.0,3647.0,2910.0,
,,3050.0,2396.0,925.0,1755.0,1759.0,1112.0,1237.0,2220.0,2843.0,1140.0,3001.0,684.0,1944.0,1303.0,2487.0,45.0,517.0,711.0,,1453.0,2396.0,3255.0,
,,772.0,3365.0,3639.0,1513.0,2646.0,107.0,3563.0,3871.0,1510.0,885.0,2166.0,1975.0,2152.0,2538.0,3706.0,2876.0,149.0,1133.0,,3058.0,485.0,1754.0,
,,1115.0,42.0,1342.0,2879.0,1442.0,3340.0,895.0,3502.0,3082.0,1759.0,2894.0,1414.0,1566.0,2782.0,447.0,3374.0,101.0,1204.0,,349.0,885.0,3623.0,
,,393.0,1467.0,3113.0,2253.0,2877.0,1975.0,2812.0,557.0,1563.0,251.0,3455.0,2493.0,2786.0,3710.0,2416.0,859.0,674.0,3081.0,,3567.0,2931.0,1481.0,
,,1038.0,2152.0,86.0,1360.0,1025.0,104.0,2351.0,1335.0,3567.0,149.0,1434.0,1650.0,2445.0,1122.0,3120.0,2108.0,2489.0,1089.0,,3360.0,1650.0,2931.0,
,,257.0,251.0,1232.0,2925.0,2819.0,3879.0,86.0,2383.0,1772.0,1122.0,3365.0,3320.0,2987.0,3859.0,3294.0,2580.0,561.0,2403.0,,1180.0,871.0,3639.0,
,,2667.0,2640.0,2910.0,1772.0,2930.0,3883.0,149.0,3647.0,268.0,3647.0,2214.0,1403.0,104.0,524.0,1475.0,2955.0,3147.0,470.0,,3899.0,2695.0,470.0,
,,2885.0,1205.0,45.0,553.0,826.0,3010.0,3117.0,1434.0,2764.0,517.0,1136.0,3075.0,377.0,2884.0,2981.0,191.0,1320.0,245.0,,2846.0,2894.0,1138.0,
,,2886.0,3399.0,1115.0,1560.0,3214.0,3623.0,1403.0,1650.0,2831.0,1240.0,1067.0,3666.0,1005.0,124.0,,1297.0,2448.0,1895.0,,1836.0,1541.0,191.0,
,,3697.0,974.0,3277.0,3159.0,2778.0,1115.0,523.0,62.0,3232.0,2819.0,3891.0,161.0,89.0,502.0,,1120.0,832.0,3899.0,,2885.0,2819.0,3774.0,
,,3555.0,3678.0,1586.0,2416.0,2682.0,377.0,901.0,263.0,2502.0,2815.0,1420.0,447.0,1232.0,1120.0,,355.0,3010.0,1586.0,,1235.0,2921.0,2340.0,
,,263.0,1023.0,1434.0,1122.0,2104.0,3294.0,3643.0,1481.0,1521.0,196.0,444.0,2486.0,3639.0,2396.0,,852.0,27.0,772.0,,1762.0,859.0,1328.0,
,,526.0,1120.0,3710.0,833.0,2831.0,3639.0,2877.0,2664.0,3231.0,2987.0,895.0,1232.0,2879.0,3739.0,,1281.0,2544.0,1414.0,,3075.0,1025.0,377.0,
,,3455.0,2718.0,2695.0,1120.0,1120.0,1335.0,2402.0,1180.0,772.0,1475.0,3649.0,2940.0,1215.0,1692.0,,2925.0,3567.0,142.0,,2104.0,3533.0,3294.0,
,,2664.0,1477.0,2759.0,3533.0,1873.0,1733.0,2345.0,1030.0,251.0,2856.0,212.0,343.0,353.0,1307.0,,3010.0,3636.0,1335.0,,2815.0,2402.0,2109.0,
,,1249.0,684.0,2921.0,208.0,480.0,3324.0,2930.0,841.0,560.0,374.0,2627.0,3455.0,2496.0,1735.0,,62.0,268.0,2981.0,,3392.0,876.0,132.0,
,,1442.0,296.0,560.0,1391.0,3628.0,3232.0,3765.0,3159.0,3374.0,2220.0,1115.0,1663.0,1467.0,3257.0,,2506.0,111.0,,,2831.0,2254.0,2363.0,
,,2621.0,2214.0,2470.0,2207.0,2538.0,1044.0,2819.0,2487.0,183.0,3231.0,1304.0,573.0,2921.0,2082.0,,590.0,2048.0,,,560.0,2815.0,684.0,
,,2530.0,3858.0,2927.0,2152.0,1216.0,2580.0,1866.0,3465.0,3399.0,343.0,1232.0,2403.0,3740.0,1437.0,,1989.0,1317.0,,,1133.0,2877.0,557.0,
,,909.0,495.0,3360.0,492.0,2492.0,349.0,1692.0,1759.0,2581.0,1760.0,1103.0,2945.0,2108.0,1836.0,,2885.0,2220.0,,,3399.0,1413.0,2580.0,
,,804.0,3607.0,872.0,1751.0,104.0,1481.0,401.0,305.0,353.0,523.0,2533.0,268.0,203.0,2403.0,,2819.0,876.0,,,2583.0,17.0,1650.0,
,,121.0,2932.0,1361.0,3191.0,2490.0,447.0,689.0,574.0,1045.0,1420.0,1481.0,1434.0,3649.0,261.0,,2921.0,444.0,,,885.0,900.0,3697.0,
,,2492.0,2759.0,3647.0,2758.0,3841.0,3706.0,860.0,2739.0,296.0,2921.0,296.0,3841.0,1304.0,2758.0,,2930.0,3881.0,,,191.0,1945.0,1568.0,
,,274.0,62.0,3302.0,876.0,62.0,3732.0,398.0,2486.0,3188.0,1434.0,3906.0,212.0,2164.0,196.0,,3555.0,2764.0,,,2166.0,36.0,2324.0,
,,956.0,1039.0,233.0,1132.0,2815.0,212.0,573.0,3649.0,1771.0,1481.0,885.0,1221.0,3255.0,3397.0,,3743.0,2884.0,,,470.0,689.0,2583.0,
,,979.0,3249.0,251.0,836.0,186.0,245.0,3759.0,257.0,1411.0,1304.0,1735.0,3567.0,1692.0,2877.0,,3169.0,1209.0,,,3465.0,2901.0,3113.0,
,,327.0,111.0,245.0,2876.0,1133.0,1650.0,186.0,3469.0,3670.0,2996.0,1759.0,3592.0,3342.0,3267.0,,2764.0,2695.0,,,1513.0,2536.0,1843.0,
,,3899.0,1442.0,180.0,531.0,1779.0,684.0,3666.0,2354.0,124.0,3399.0,2383.0,1354.0,2877.0,1442.0,,1109.0,3258.0,,,1855.0,663.0,1335.0,
,,895.0,2780.0,3614.0,2490.0,1455.0,3360.0,804.0,359.0,3555.0,3697.0,3360.0,2770.0,832.0,1533.0,,1304.0,2530.0,,,95.0,3833.0,1535.0,
,,2718.0,841.0,184.0,1205.0,3859.0,1754.0,3320.0,1588.0,126.0,2845.0,1878.0,470.0,1481.0,2802.0,,274.0,1221.0,,,720.0,1304.0,2448.0,
,,2877.0,1371.0,470.0,1260.0,2623.0,1342.0,1795.0,3358.0,470.0,993.0,2695.0,3360.0,3434.0,2921.0,,1335.0,3841.0,,,1779.0,3267.0,2214.0,
,,3198.0,184.0,1735.0,2787.0,470.0,2759.0,495.0,1025.0,2602.0,2923.0,2764.0,3001.0,2925.0,1317.0,,109.0,3628.0,,,42.0,1334.0,1815.0,
,,403.0,1025.0,91.0,1016.0,2762.0,2815.0,2780.0,1978.0,1106.0,2448.0,1237.0,1453.0,2079.0,1772.0,,502.0,45.0,,,2340.0,3841.0,1475.0,
,,1563.0,3374.0,2966.0,2354.0,2718.0,2709.0,1004.0,2345.0,2144.0,2824.0,1979.0,1317.0,3455.0,2824.0,,2448.0,3434.0,,,749.0,186.0,353.0,
,,2354.0,1481.0,859.0,1481.0,377.0,3728.0,3597.0,3505.0,212.0,1779.0,257.0,3257.0,1795.0,1114.0,,1650.0,349.0,,,906.0,14.0,1354.0,
,,1732.0,2754.0,3455.0,3169.0,573.0,1994.0,3705.0,2819.0,1270.0,3089.0,3620.0,2834.0,3647.0,470.0,,1047.0,3465.0,,,523.0,2764.0,1994.0,
,,1481.0,2677.0,3620.0,1437.0,3643.0,3891.0,2664.0,343.0,1410.0,3048.0,1132.0,2824.0,1975.0,45.0,,1878.0,2780.0,,,909.0,1481.0,111.0,
,,1122.0,2103.0,1756.0,196.0,3465.0,1420.0,251.0,1403.0,2472.0,1098.0,1967.0,109.0,2815.0,772.0,,42.0,1779.0,,,1384.0,3525.0,3806.0,
,,3895.0,2764.0,2383.0,1215.0,3403.0,2214.0,109.0,2490.0,2901.0,183.0,3198.0,3399.0,3360.0,3169.0,,2907.0,1864.0,,,3374.0,3290.0,1853.0,
,,313.0,517.0,6.0,859.0,1707.0,536.0,199.0,3365.0,3075.0,1835.0,2910.0,1735.0,1779.0,3455.0,,353.0,2876.0,,,2307.0,3666.0,402.0,
,,1149.0,2686.0,2449.0,1047.0,2583.0,1568.0,379.0,3455.0,274.0,871.0,3465.0,2930.0,3465.0,3089.0,,2861.0,2925.0,,,2861.0,111.0,67.0,
,,3260.0,2580.0,3592.0,3188.0,1568.0,67.0,1117.0,3360.0,401.0,689.0,876.0,2884.0,2695.0,2930.0,,1835.0,3231.0,,,1866.0,2276.0,381.0,
,,906.0,3881.0,2345.0,2921.0,1481.0,3620.0,61.0,3392.0,3360.0,1120.0,245.0,3643.0,3594.0,62.0,,2110.0,3351.0,,,2909.0,45.0,91.0,
,,359.0,2307.0,3895.0,245.0,1876.0,1853.0,1579.0,536.0,191.0,895.0,2402.0,3800.0,2824.0,2831.0,,1791.0,2486.0,,,109.0,2739.0,885.0,
,,1434.0,3534.0,1047.0,3326.0,2787.0,3312.0,296.0,2104.0,2.0,121.0,2819.0,3639.0,1311.0,3759.0,,2234.0,2490.0,,,3639.0,872.0,1311.0,
,,3089.0,2583.0,826.0,2992.0,2144.0,2448.0,1238.0,2925.0,3625.0,1317.0,841.0,95.0,470.0,3590.0,,3455.0,1249.0,,,1405.0,470.0,855.0,
,,1455.0,1221.0,1205.0,956.0,1215.0,3149.0,3164.0,2621.0,3001.0,716.0,251.0,1442.0,1617.0,1821.0,,2054.0,1122.0,,,3001.0,1453.0,1193.0,
,,2448.0,2664.0,895.0,3058.0,2220.0,3670.0,517.0,3617.0,3639.0,560.0,3120.0,233.0,197.0,1296.0,,1108.0,1967.0,,,45.0,3607.0,447.0,
,,349.0,2493.0,444.0,2583.0,1205.0,2289.0,2762.0,3592.0,2695.0,1454.0,3399.0,260.0,574.0,109.0,,2583.0,2345.0,,,1420.0,2886.0,2909.0,
,,2780.0,2164.0,1975.0,1733.0,574.0,2502.0,1045.0,2989.0,3046.0,1270.0,2762.0,2787.0,268.0,5.0,,3759.0,2931.0,,,1176.0,1455.0,599.0,
,,3706.0,1307.0,2945.0,2762.0,2035.0,599.0,2926.0,1115.0,3089.0,1895.0,62.0,244.0,109.0,3740.0,,111.0,3050.0,,,634.0,2486.0,2503.0,
,,2461.0,1464.0,3851.0,1791.0,65.0,1320.0,3294.0,3432.0,836.0,3898.0,1239.0,2819.0,3881.0,836.0,,216.0,1481.0,,,3883.0,61.0,2502.0,
,,3117.0,2108.0,1455.0,2345.0,2906.0,61.0,3607.0,3697.0,3505.0,1453.0,3050.0,149.0,523.0,3680.0,,3371.0,2909.0,,,3739.0,2220.0,1477.0,
,,3058.0,1297.0,2989.0,3103.0,289.0,2583.0,3697.0,2695.0,2958.0,313.0,495.0,3706.0,1240.0,2214.0,,149.0,1411.0,,,1617.0,3697.0,3569.0,
,,3294.0,3465.0,1052.0,1982.0,2864.0,3710.0,3576.0,3120.0,2505.0,1554.0,2111.0,3097.0,3374.0,3248.0,,447.0,804.0,,,3220.0,2927.0,1320.0,
,,1975.0,126.0,1617.0,470.0,2824.0,1122.0,3131.0,813.0,2861.0,1967.0,2759.0,3089.0,14.0,938.0,,1771.0,573.0,,,3358.0,1979.0,3633.0,
,,470.0,3628.0,403.0,3569.0,2759.0,2241.0,208.0,2160.0,444.0,3374.0,561.0,3050.0,3636.0,1233.0,,1132.0,2845.0,,,3623.0,573.0,1588.0,
,,3392.0,2877.0,1944.0,3257.0,212.0,2363.0,1874.0,852.0,1098.0,1735.0,3533.0,2152.0,343.0,3911.0,,3583.0,277.0,,,1759.0,3851.0,3058.0,
,,3164.0,3360.0,909.0,1967.0,3569.0,403.0,986.0,395.0,3899.0,109.0,1098.0,3883.0,1205.0,27.0,,2345.0,1467.0,,,2487.0,121.0,1882.0,
,,3639.0,1330.0,3555.0,2236.0,1103.0,1333.0,3360.0,1692.0,1815.0,1754.0,3643.0,1216.0,242.0,2583.0,,1707.0,945.0,,,447.0,3776.0,2241.0,
,,2815.0,3198.0,3163.0,3899.0,1304.0,3058.0,2118.0,104.0,3643.0,1944.0,910.0,1566.0,245.0,268.0,,3666.0,251.0,,,1754.0,3455.0,3710.0,
,,1304.0,859.0,3324.0,296.0,3058.0,3203.0,2713.0,3058.0,2802.0,1855.0,3313.0,3575.0,3089.0,743.0,,1232.0,2580.0,,,62.0,1221.0,871.0,
,,2324.0,2921.0,3392.0,1434.0,2764.0,557.0,2583.0,30.0,2718.0,2493.0,409.0,3231.0,876.0,2220.0,,3911.0,3394.0,,,1414.0,2940.0,1115.0,
,,3569.0,3706.0,2493.0,1533.0,3351.0,3471.0,3841.0,1845.0,2925.0,3594.0,2197.0,62.0,381.0,3569.0,,1206.0,3525.0,,,1330.0,1733.0,1676.0,
,,1052.0,2545.0,1335.0,3231.0,1237.0,2134.0,3623.0,1232.0,1345.0,61.0,2831.0,2108.0,2487.0,289.0,,2383.0,910.0,,,1455.0,2831.0,5.0,
,,731.0,1692.0,3326.0,313.0,3647.0,231.0,1864.0,3374.0,359.0,906.0,2530.0,2686.0,2486.0,267.0,,3131.0,1049.0,,,3403.0,161.0,1621.0,
,,119.0,876.0,1320.0,3592.0,1176.0,2103.0,637.0,553.0,161.0,3883.0,3010.0,2621.0,3833.0,573.0,,2815.0,3392.0,,,2713.0,684.0,231.0,
,,409.0,574.0,2492.0,3164.0,1297.0,1311.0,3680.0,3628.0,3392.0,2879.0,2824.0,3911.0,3592.0,36.0,,2695.0,1464.0,,,86.0,2910.0,2980.0,
,,495.0,437.0,2251.0,1281.0,3017.0,1617.0,233.0,3399.0,538.0,45.0,2808.0,257.0,2307.0,2894.0,,3340.0,2416.0,,,3614.0,3075.0,1501.0,
,,3358.0,3592.0,1992.0,2533.0,3567.0,772.0,3620.0,1754.0,186.0,3365.0,2505.0,2354.0,91.0,2536.0,,2909.0,2324.0,,,2987.0,1317.0,2907.0,
,,3466.0,3576.0,409.0,2909.0,1122.0,191.0,1876.0,3050.0,2583.0,444.0,2490.0,2580.0,3358.0,121.0,,871.0,2212.0,,,1481.0,2580.0,3876.0,
,,3220.0,2389.0,1089.0,2931.0,1840.0,65.0,3706.0,2758.0,2108.0,2885.0,104.0,2799.0,1216.0,3159.0,,1772.0,1120.0,,,3643.0,3374.0,2886.0,
,,1025.0,3647.0,3374.0,3120.0,2780.0,3186.0,2492.0,2987.0,2134.0,2445.0,183.0,1249.0,3257.0,3198.0,,2931.0,1052.0,,,2733.0,1617.0,1205.0,
,,1237.0,749.0,1311.0,3117.0,1855.0,409.0,447.0,1442.0,2449.0,2682.0,749.0,1733.0,1403.0,3576.0,,1221.0,2289.0,,,2819.0,986.0,261.0,
,,1530.0,2253.0,2254.0,1354.0,973.0,1692.0,917.0,149.0,2987.0,2931.0,2646.0,3555.0,3444.0,2152.0,,27.0,196.0,,,1109.0,2104.0,3412.0,
,,3312.0,2351.0,1477.0,3006.0,149.0,1138.0,2234.0,2831.0,553.0,999.0,2885.0,2220.0,1979.0,673.0,,3282.0,1023.0,,,1878.0,1307.0,3471.0,
,,2787.0,1824.0,3232.0,251.0,852.0,2819.0,2580.0,1853.0,749.0,2487.0,1215.0,239.0,1490.0,2759.0,,2351.0,3739.0,,,2824.0,2152.0,179.0,
,,3592.0,3851.0,1204.0,2104.0,2800.0,1140.0,3465.0,3841.0,1117.0,353.0,1025.0,3502.0,2495.0,3833.0,,1475.0,1014.0,,,876.0,841.0,3620.0,
,,3374.0,1232.0,2533.0,871.0,557.0,3334.0,212.0,3163.0,100.0,257.0,191.0,377.0,2803.0,1304.0,,1215.0,2674.0,,,1025.0,432.0,3907.0,
,,6.0,2800.0,355.0,3374.0,3282.0,3466.0,1152.0,1979.0,1855.0,3555.0,2038.0,833.0,1855.0,2808.0,,124.0,2921.0,,,1248.0,3883.0,1052.0,
,,3776.0,2144.0,61.0,2845.0,2994.0,3159.0,1855.0,296.0,2212.0,711.0,1477.0,3048.0,627.0,1979.0,,901.0,1238.0,,,1098.0,2664.0,3010.0,
,,1735.0,3823.0,2819.0,2888.0,2926.0,3633.0,2802.0,3710.0,531.0,1586.0,1108.0,2543.0,1989.0,2900.0,,86.0,1453.0,,,149.0,2759.0,3186.0,
,,1756.0,1136.0,557.0,2496.0,1994.0,2166.0,3896.0,447.0,2713.0,432.0,3409.0,2910.0,2878.0,1481.0,,3294.0,1108.0,,,1835.0,2909.0,1709.0,
,,789.0,447.0,2831.0,3046.0,871.0,5.0,444.0,910.0,349.0,3010.0,2496.0,1944.0,3148.0,684.0,,2642.0,2514.0,,,1122.0,3575.0,2160.0,
,,3169.0,2487.0,1910.0,3697.0,673.0,634.0,1193.0,1967.0,1754.0,1411.0,3358.0,1330.0,1098.0,2695.0,,836.0,1436.0,,,260.0,2946.0,1827.0,
,,1586.0,1855.0,1521.0,2726.0,1334.0,1216.0,1779.0,3198.0,1384.0,3465.0,3466.0,2144.0,251.0,2846.0,,3443.0,2164.0,,,3628.0,409.0,2808.0,
,,3882.0,1403.0,2686.0,3891.0,611.0,871.0,574.0,5.0,1050.0,2910.0,218.0,245.0,956.0,2780.0,,3403.0,1815.0,,,3249.0,2824.0,100.0,
,,1733.0,3739.0,3280.0,447.0,3190.0,1114.0,1699.0,2581.0,1481.0,3163.0,1733.0,2726.0,1420.0,531.0,,2884.0,713.0,,,2764.0,104.0,1944.0,
,,1311.0,1414.0,1345.0,1771.0,183.0,2108.0,1735.0,2780.0,3705.0,1525.0,2856.0,3678.0,3466.0,1779.0,,349.0,1307.0,,,3680.0,2583.0,891.0,
,,3649.0,245.0,3452.0,1182.0,1317.0,1354.0,1577.0,2910.0,3214.0,3595.0,973.0,444.0,2718.0,212.0,,876.0,2949.0,,,1699.0,3392.0,2533.0,
,,2925.0,1967.0,3569.0,3392.0,3639.0,2713.0,2448.0,3883.0,62.0,2695.0,2345.0,1779.0,3739.0,186.0,,1045.0,1204.0,,,1388.0,2416.0,1108.0,
,,2931.0,3378.0,381.0,523.0,1232.0,623.0,395.0,432.0,1122.0,1023.0,3257.0,1240.0,573.0,2108.0,,3855.0,2815.0,,,2402.0,1067.0,1295.0,
,,1248.0,1513.0,104.0,684.0,1089.0,326.0,1239.0,2496.0,2930.0,62.0,2521.0,2695.0,1380.0,709.0,,2484.0,1188.0,,,14.0,3678.0,749.0,
,,2930.0,1008.0,1403.0,1420.0,3697.0,1878.0,1521.0,2885.0,111.0,221.0,343.0,3164.0,538.0,2906.0,,268.0,3326.0,,,2103.0,3120.0,2695.0,
,,2487.0,2930.0,1663.0,1115.0,1586.0,2980.0,3010.0,161.0,3257.0,3567.0,3534.0,263.0,3290.0,257.0,,296.0,1047.0,,,2505.0,353.0,3095.0,
,,1361.0,1453.0,720.0,2815.0,1052.0,2682.0,3339.0,2800.0,3340.0,1232.0,3833.0,3898.0,2931.0,2487.0,,1052.0,1282.0,,,2543.0,1910.0,203.0,
,,3360.0,2884.0,1122.0,126.0,2416.0,930.0,2824.0,3334.0,3245.0,3277.0,377.0,3647.0,2780.0,3403.0,,2762.0,1180.0,,,409.0,2345.0,3029.0,
,,2901.0,378.0,5.0,3623.0,3260.0,3496.0,3351.0,2602.0,104.0,1535.0,1335.0,196.0,1099.0,1371.0,,2759.0,3800.0,,,3743.0,1122.0,3647.0,
,,1636.0,3113.0,3607.0,612.0,3360.0,179.0,3046.0,3497.0,945.0,1477.0,1574.0,2.0,2530.0,3465.0,,1455.0,1215.0,,,2621.0,3639.0,2861.0,
,,3799.0,2104.0,3623.0,1944.0,1878.0,3886.0,3639.0,251.0,2260.0,3833.0,1663.0,1411.0,3113.0,1330.0,,3001.0,80.0,,,2780.0,2682.0,1467.0,
,,3340.0,2999.0,377.0,1197.0,3466.0,3907.0,3302.0,3312.0,89.0,1311.0,2877.0,3833.0,1735.0,349.0,,1039.0,2824.0,,,2754.0,2538.0,2987.0,
,,447.0,833.0,1568.0,1317.0,1475.0,1281.0,2104.0,2627.0,1209.0,872.0,393.0,1025.0,1521.0,3583.0,,2490.0,1795.0,,,1870.0,3048.0,1039.0,
,,728.0,212.0,282.0,1467.0,184.0,381.0,343.0,3013.0,1973.0,3220.0,447.0,2124.0,1754.0,3555.0,,2664.0,574.0,,,1442.0,1098.0,2496.0,
,,2164.0,1233.0,1193.0,381.0,3267.0,1334.0,781.0,142.0,2166.0,2530.0,2108.0,3649.0,1760.0,1047.0,,2535.0,2992.0,,,3455.0,2778.0,1405.0,
,,2042.0,2522.0,1620.0,3555.0,781.0,1713.0,45.0,637.0,1477.0,377.0,3759.0,1771.0,1544.0,863.0,,918.0,3922.0,,,2834.0,3643.0,3409.0,
,,1453.0,3148.0,1533.0,2530.0,3075.0,1049.0,3358.0,349.0,3260.0,1663.0,313.0,689.0,2448.0,2834.0,,3075.0,560.0,,,3409.0,1944.0,577.0,
,,3159.0,3010.0,2879.0,3339.0,2580.0,3881.0,3647.0,1334.0,1204.0,3895.0,1221.0,841.0,3517.0,3058.0,,713.0,557.0,,,245.0,3360.0,759.0,
,,3759.0,3643.0,2481.0,3833.0,3392.0,835.0,1853.0,3639.0,1133.0,3639.0,2152.0,2780.0,3759.0,3050.0,,3267.0,296.0,,,104.0,3399.0,1713.0,
,,841.0,3620.0,871.0,2324.0,409.0,3569.0,1025.0,3705.0,1967.0,1237.0,1779.0,3743.0,3188.0,3075.0,,1240.0,2415.0,,,3050.0,2214.0,1434.0,
,,1621.0,1132.0,1291.0,86.0,3592.0,91.0,3334.0,3126.0,3198.0,3695.0,1992.0,186.0,3776.0,1801.0,,2677.0,2759.0,,,1620.0,1855.0,124.0,
,,3416.0,2910.0,2627.0,2486.0,447.0,1772.0,3231.0,2103.0,1357.0,2621.0,1317.0,3534.0,1436.0,343.0,,1434.0,3374.0,,,3670.0,296.0,2492.0,
,,3891.0,121.0,863.0,1866.0,531.0,2921.0,2109.0,1328.0,3710.0,132.0,359.0,2946.0,1413.0,79.0,,470.0,2104.0,,,1764.0,2530.0,2403.0,
,,1878.0,2674.0,132.0,1839.0,1420.0,3806.0,3891.0,191.0,2493.0,3623.0,149.0,3759.0,872.0,2580.0,,3164.0,1442.0,,,739.0,826.0,724.0,
,,553.0,3759.0,3120.0,186.0,536.0,1435.0,684.0,111.0,2800.0,79.0,1754.0,2926.0,297.0,2926.0,,180.0,3759.0,,,3043.0,1141.0,2530.0,
,,3847.0,95.0,42.0,1361.0,3255.0,1735.0,1511.0,2682.0,2492.0,233.0,531.0,297.0,3277.0,3464.0,,161.0,2617.0,,,2664.0,2533.0,2103.0,
,,1388.0,3415.0,2496.0,895.0,1733.0,1197.0,1330.0,2861.0,2351.0,1403.0,86.0,2104.0,2502.0,61.0,,2621.0,2214.0,,,841.0,3010.0,1334.0,
,,3772.0,196.0,3442.0,906.0,2108.0,1489.0,2487.0,2930.0,1023.0,3649.0,2664.0,1239.0,2109.0,3010.0,,1311.0,62.0,,,2997.0,1248.0,1735.0,
,,260.0,1215.0,1630.0,3759.0,1311.0,3409.0,1568.0,2762.0,1658.0,3058.0,3546.0,2602.0,857.0,1098.0,,1733.0,2402.0,,,2877.0,1442.0,2949.0,
,,3379.0,2945.0,2156.0,191.0,1136.0,100.0,2909.0,2799.0,826.0,3576.0,1814.0,3283.0,2490.0,3607.0,,3643.0,872.0,,,3169.0,1420.0,3163.0,
,,2543.0,2496.0,1979.0,1216.0,906.0,343.0,184.0,1052.0,1047.0,1791.0,3326.0,3705.0,395.0,3697.0,,2814.0,1420.0,,,2945.0,2780.0,3418.0,
,,930.0,1994.0,1354.0,3302.0,3120.0,3418.0,42.0,3576.0,573.0,2808.0,560.0,409.0,536.0,1115.0,,1467.0,2926.0,,,1334.0,2879.0,1197.0,
,,557.0,3649.0,1281.0,3402.0,79.0,3017.0,3040.0,2824.0,2677.0,239.0,1120.0,2815.0,781.0,2307.0,,3649.0,2487.0,,,231.0,447.0,374.0,
,,1205.0,2799.0,1544.0,3680.0,3232.0,1564.0,1047.0,186.0,2754.0,3156.0,3841.0,3881.0,684.0,3046.0,,2470.0,183.0,,,1771.0,1361.0,1620.0,
,,3628.0,1098.0,3670.0,2930.0,2324.0,143.0,1467.0,2493.0,3010.0,2861.0,648.0,1772.0,3340.0,1025.0,,1103.0,861.0,,,126.0,3623.0,1304.0,
,,374.0,3075.0,1387.0,3010.0,3220.0,1202.0,2945.0,1733.0,3898.0,684.0,1047.0,2953.0,3399.0,2815.0,,3117.0,2543.0,,,251.0,3799.0,2104.0,
,,2876.0,2802.0,3156.0,1975.0,560.0,1405.0,536.0,885.0,1944.0,561.0,3312.0,1122.0,1477.0,1420.0,,1764.0,3001.0,,,2800.0,444.0,395.0,
,,1944.0,2987.0,480.0,1754.0,3891.0,2324.0,1481.0,135.0,3628.0,1353.0,917.0,1544.0,3883.0,239.0,,1025.0,2762.0,,,1270.0,3169.0,3326.0,
,,1204.0,1281.0,1994.0,3178.0,2909.0,2220.0,1434.0,3403.0,2910.0,3198.0,2994.0,3905.0,973.0,2800.0,,536.0,1866.0,,,2144.0,917.0,1149.0,
,,3403.0,1568.0,65.0,2803.0,3576.0,1108.0,1533.0,1855.0,3312.0,855.0,349.0,2583.0,3163.0,1328.0,,3882.0,983.0,,,3188.0,2253.0,1454.0,
,,2921.0,1791.0,3759.0,1455.0,2987.0,1215.0,3365.0,108.0,1307.0,3259.0,1855.0,2864.0,3607.0,876.0,,2035.0,447.0,,,502.0,1836.0,2831.0,
,,502.0,1475.0,157.0,45.0,61.0,1801.0,1132.0,1132.0,199.0,1339.0,3497.0,289.0,1564.0,432.0,,3163.0,191.0,,,2366.0,349.0,326.0,
,,2674.0,2909.0,3891.0,3497.0,353.0,2242.0,3120.0,212.0,876.0,553.0,855.0,3329.0,2402.0,1339.0,,2502.0,1098.0,,,1467.0,789.0,3851.0,
,,381.0,2946.0,231.0,2664.0,3883.0,1328.0,3452.0,2108.0,2622.0,2579.0,1586.0,1533.0,3198.0,615.0,,3326.0,3442.0,,,1249.0,1414.0,1453.0,
,,1973.0,531.0,297.0,3232.0,1617.0,1038.0,2815.0,973.0,3883.0,91.0,1073.0,3776.0,186.0,444.0,,1692.0,1115.0,,,716.0,1771.0,1648.0,
,,2997.0,359.0,1824.0,3847.0,3640.0,1453.0,104.0,268.0,3129.0,3312.0,1204.0,3198.0,772.0,841.0,,460.0,2545.0,,,202.0,1339.0,1455.0,
,,124.0,991.0,3567.0,2808.0,1620.0,749.0,1944.0,2505.0,2530.0,573.0,3013.0,104.0,313.0,3312.0,,3794.0,2834.0,,,2876.0,3198.0,343.0,
,,3351.0,3058.0,2456.0,1663.0,3010.0,251.0,1564.0,3464.0,3261.0,511.0,3163.0,45.0,623.0,3014.0,,359.0,1024.0,,,2925.0,3403.0,3324.0,
,,2940.0,2530.0,3169.0,1435.0,218.0,1771.0,1553.0,3569.0,1335.0,268.0,1039.0,876.0,561.0,1855.0,,1994.0,3464.0,,,252.0,3706.0,263.0,
,,2642.0,2778.0,3058.0,3846.0,3623.0,1455.0,2759.0,3397.0,1733.0,910.0,3452.0,3576.0,891.0,3799.0,,3358.0,79.0,,,1577.0,1052.0,245.0,
,,2340.0,3258.0,1120.0,2636.0,3198.0,79.0,1975.0,3248.0,260.0,2846.0,3895.0,2469.0,296.0,353.0,,1533.0,161.0,,,1967.0,906.0,2834.0,
,,3147.0,2808.0,62.0,1544.0,1692.0,2808.0,2502.0,1270.0,2876.0,1878.0,2469.0,2492.0,2449.0,191.0,,1420.0,1663.0,,,1205.0,3260.0,3232.0,
,,2800.0,1586.0,2682.0,2953.0,3506.0,2104.0,3592.0,1866.0,2966.0,1756.0,657.0,3374.0,2699.0,2492.0,,3120.0,1636.0,,,1489.0,86.0,3628.0,
,,573.0,1177.0,1031.0,1193.0,3409.0,891.0,1248.0,1320.0,2856.0,1387.0,3640.0,3169.0,1297.0,2664.0,,1317.0,3666.0,,,393.0,310.0,1047.0,
,,2104.0,1771.0,3188.0,377.0,359.0,680.0,1967.0,377.0,2214.0,3607.0,3776.0,826.0,3697.0,3881.0,,910.0,1414.0,,,826.0,2925.0,498.0,
,,1663.0,1735.0,2204.0,480.0,3607.0,1896.0,245.0,531.0,2787.0,1204.0,3191.0,1394.0,111.0,1354.0,,2488.0,3198.0,,,1533.0,910.0,517.0,
,,2533.0,3163.0,240.0,511.0,1836.0,906.0,906.0,86.0,1232.0,480.0,3555.0,282.0,1475.0,1544.0,,2910.0,3555.0,,,2289.0,1335.0,906.0,
,,1533.0,161.0,1791.0,2198.0,221.0,1039.0,3403.0,3255.0,61.0,2992.0,3374.0,2415.0,3710.0,245.0,,1237.0,2904.0,,,1047.0,109.0,3833.0,
,,3623.0,1212.0,3082.0,536.0,1453.0,561.0,841.0,184.0,409.0,3799.0,395.0,3509.0,841.0,447.0,,3013.0,3360.0,,,2845.0,3464.0,1281.0,
,,2733.0,2156.0,1317.0,2448.0,3678.0,1843.0,1771.0,781.0,1420.0,244.0,2340.0,1754.0,3678.0,67.0,,3623.0,1216.0,,,2674.0,1115.0,1878.0,
,,1098.0,3409.0,3259.0,3220.0,2921.0,3089.0,3614.0,3846.0,3164.0,2363.0,1193.0,3697.0,909.0,296.0,,184.0,673.0,,,3156.0,3466.0,403.0,
,,724.0,1544.0,1442.0,2856.0,789.0,2152.0,100.0,3257.0,2627.0,1869.0,3415.0,502.0,1586.0,3415.0,,3739.0,1870.0,,,3833.0,3163.0,444.0,
,,2035.0,208.0,2885.0,2802.0,3846.0,2803.0,1038.0,3409.0,1215.0,1108.0,2581.0,2737.0,3706.0,3708.0,,104.0,42.0,,,2530.0,448.0,79.0,
,,1193.0,1115.0,1453.0,3082.0,3649.0,2907.0,2884.0,3214.0,1650.0,1620.0,267.0,3614.0,560.0,906.0,,377.0,1136.0,,,1296.0,1735.0,3882.0,
,,1477.0,2762.0,820.0,2674.0,86.0,1544.0,1544.0,3186.0,600.0,1152.0,2164.0,313.0,2664.0,111.0,,2496.0,3046.0,,,3466.0,1120.0,3534.0,
,,720.0,3897.0,14.0,132.0,2700.0,1676.0,1371.0,1047.0,3175.0,640.0,3043.0,1420.0,3260.0,104.0,,3465.0,1521.0,,,1708.0,2966.0,1617.0,
,,3546.0,560.0,556.0,402.0,1073.0,1454.0,1052.0,480.0,42.0,1328.0,3881.0,3525.0,3891.0,1117.0,,3639.0,3697.0,,,3148.0,1467.0,1523.0,
,,986.0,3640.0,2861.0,216.0,208.0,531.0,1620.0,1357.0,1120.0,1281.0,364.0,2156.0,1334.0,3409.0,,2533.0,212.0,,,161.0,295.0,2981.0,
,,45.0,2.0,1216.0,1254.0,1098.0,1486.0,1586.0,1103.0,2324.0,3614.0,511.0,560.0,3082.0,3620.0,,3392.0,841.0,,,1197.0,2930.0,,
,,567.0,45.0,1475.0,2214.0,2493.0,857.0,1442.0,1771.0,1530.0,2481.0,3633.0,2253.0,3010.0,1535.0,,89.0,2293.0,,,1441.0,3592.0,,
,,432.0,3497.0,2987.0,349.0,599.0,395.0,2533.0,3549.0,1979.0,191.0,3706.0,3058.0,1771.0,2469.0,,1334.0,2831.0,,,359.0,1533.0,,
,,2445.0,1998.0,2530.0,2487.0,148.0,3191.0,2108.0,1237.0,3339.0,3203.0,1771.0,3466.0,3120.0,3001.0,,906.0,2621.0,,,1311.0,2481.0,,
,,2682.0,3895.0,835.0,1334.0,89.0,3628.0,3883.0,3115.0,132.0,2340.0,2996.0,1568.0,1925.0,885.0,,1663.0,1455.0,,,184.0,212.0,,
,,3710.0,871.0,161.0,2646.0,1735.0,3342.0,2481.0,1204.0,1025.0,930.0,871.0,1248.0,906.0,3129.0,,885.0,3214.0,,,3555.0,184.0,,
,,3120.0,3392.0,2583.0,3399.0,67.0,577.0,2496.0,3260.0,1442.0,3706.0,2104.0,1711.0,1237.0,2762.0,,1098.0,3232.0,,,1544.0,3649.0,,
,,561.0,2966.0,2877.0,3710.0,191.0,353.0,3014.0,693.0,3794.0,3628.0,2807.0,3277.0,1204.0,2324.0,,1205.0,906.0,,,3261.0,1544.0,,
,,186.0,3101.0,268.0,61.0,2079.0,724.0,1754.0,3474.0,2469.0,2152.0,3647.0,86.0,3567.0,3013.0,,2834.0,3466.0,,,2996.0,772.0,,
,,180.0,3339.0,2289.0,560.0,2214.0,3776.0,2910.0,403.0,2636.0,67.0,3901.0,1052.0,789.0,2166.0,,3525.0,49.0,,,599.0,553.0,,
,,2602.0,855.0,2355.0,3614.0,1663.0,1136.0,1588.0,1533.0,1039.0,2415.0,1895.0,216.0,444.0,2104.0,,3474.0,124.0,,,2930.0,3013.0,,
,,1414.0,3841.0,3017.0,2602.0,1047.0,2762.0,3628.0,1620.0,2884.0,212.0,991.0,1586.0,1317.0,3374.0,,3592.0,693.0,,,5.0,3743.0,,
,,560.0,659.0,3147.0,409.0,2530.0,3156.0,3774.0,1925.0,1453.0,2834.0,381.0,945.0,3392.0,2340.0,,2530.0,2583.0,,,1979.0,3633.0,,
,,3794.0,104.0,1467.0,3505.0,3334.0,432.0,3569.0,1878.0,1052.0,1320.0,836.0,2535.0,711.0,755.0,,3628.0,3245.0,,,973.0,1270.0,,
,,538.0,61.0,3316.0,3403.0,3163.0,1992.0,3163.0,3339.0,1116.0,2070.0,111.0,1869.0,1354.0,3120.0,,3569.0,1388.0,,,2486.0,274.0,,
,,245.0,339.0,2800.0,3409.0,2502.0,2366.0,297.0,3466.0,2104.0,1771.0,826.0,1791.0,3525.0,409.0,,3220.0,216.0,,,208.0,245.0,,
,,377.0,3464.0,1296.0,2204.0,72.0,2543.0,1039.0,1835.0,257.0,2832.0,1994.0,3188.0,852.0,1489.0,,395.0,2152.0,,,1663.0,2449.0,,
,,1120.0,1024.0,3728.0,121.0,1353.0,2487.0,161.0,1719.0,2495.0,662.0,1328.0,973.0,3858.0,161.0,,61.0,2124.0,,,3232.0,909.0,,
,,523.0,2254.0,2700.0,1052.0,367.0,3374.0,3169.0,3340.0,1330.0,3120.0,2449.0,3120.0,1320.0,643.0,,2152.0,3013.0,,,3164.0,2166.0,,
,,2596.0,3799.0,2856.0,3340.0,2621.0,3163.0,3466.0,749.0,3115.0,1039.0,3017.0,3006.0,349.0,2621.0,,3466.0,973.0,,,2802.0,1620.0,,
,,3640.0,3623.0,3881.0,2884.0,2910.0,1663.0,997.0,906.0,1334.0,3710.0,851.0,1836.0,3220.0,1039.0,,2492.0,2955.0,,,313.0,2502.0,,
,,637.0,2461.0,1588.0,538.0,3517.0,1304.0,1115.0,1098.0,2762.0,3409.0,3639.0,1466.0,986.0,1636.0,,1553.0,1760.0,,,1698.0,1550.0,,
,,1998.0,1944.0,3649.0,180.0,161.0,1755.0,2530.0,2856.0,1361.0,3126.0,1052.0,1824.0,1328.0,1568.0,,1352.0,3794.0,,,2884.0,1216.0,,
,,2910.0,910.0,2363.0,1707.0,121.0,101.0,1334.0,42.0,1746.0,161.0,89.0,871.0,273.0,1193.0,,1320.0,2533.0,,,3198.0,268.0,,
,,1664.0,89.0,326.0,1979.0,2449.0,3876.0,191.0,1836.0,1388.0,2718.0,3339.0,906.0,1361.0,1182.0,,1586.0,772.0,,,637.0,2492.0,,
,,2486.0,2997.0,2543.0,1311.0,2664.0,89.0,409.0,2133.0,2276.0,2708.0,2845.0,791.0,77.0,659.0,,2079.0,1989.0,,,1550.0,1754.0,,
,,2415.0,1533.0,1215.0,1136.0,1944.0,3164.0,3148.0,89.0,2152.0,1707.0,3474.0,3590.0,2682.0,1204.0,,257.0,1533.0,,,101.0,1586.0,,
,,1979.0,3670.0,79.0,917.0,165.0,3465.0,2800.0,3232.0,1197.0,3006.0,216.0,3103.0,3895.0,3163.0,,3883.0,1764.0,,,65.0,2496.0,,
,,2884.0,377.0,212.0,3101.0,3257.0,2079.0,662.0,1216.0,3697.0,3569.0,2682.0,191.0,1863.0,1281.0,,3198.0,1513.0,,,1008.0,3232.0,,
,,673.0,79.0,3260.0,2456.0,3614.0,2530.0,2644.0,1974.0,1233.0,2166.0,3260.0,1535.0,3614.0,184.0,,640.0,2878.0,,,3326.0,359.0,,
,,2864.0,3006.0,2591.0,1221.0,997.0,2602.0,1388.0,1944.0,2845.0,574.0,1824.0,531.0,2469.0,781.0,,531.0,3643.0,,,3576.0,3089.0,,
,,2363.0,3776.0,3640.0,3267.0,3277.0,1824.0,3232.0,1586.0,3497.0,2966.0,1944.0,3433.0,2831.0,1663.0,,3898.0,3249.0,,,1994.0,1039.0,,
,,161.0,3569.0,3361.0,2940.0,1853.0,2834.0,1297.0,3017.0,2796.0,1307.0,1707.0,3260.0,720.0,2709.0,,3339.0,182.0,,,1320.0,531.0,,
,,2570.0,2834.0,3231.0,393.0,3415.0,1434.0,3670.0,560.0,2664.0,3851.0,180.0,1404.0,2997.0,3502.0,,409.0,3058.0,,,3474.0,1136.0,,
,,196.0,820.0,3799.0,2677.0,381.0,1910.0,1973.0,791.0,1317.0,1464.0,2543.0,3280.0,1824.0,789.0,,480.0,381.0,,,2324.0,381.0,,
,,716.0,1853.0,124.0,1989.0,2997.0,2481.0,2160.0,3113.0,3871.0,1824.0,2796.0,1047.0,2602.0,3148.0,,2674.0,1475.0,,,2108.0,1050.0,,
,,101.0,3639.0,2579.0,3249.0,553.0,480.0,2035.0,1281.0,833.0,2997.0,2601.0,3017.0,3597.0,1405.0,,2682.0,2677.0,,,2204.0,1878.0,,
,,1050.0,2476.0,1339.0,3358.0,2503.0,3415.0,2966.0,1467.0,3799.0,3334.0,3623.0,2845.0,3415.0,2980.0,,917.0,86.0,,,3163.0,1073.0,,
,,1771.0,3169.0,3342.0,662.0,339.0,3220.0,1281.0,1553.0,2241.0,713.0,728.0,2664.0,1052.0,3156.0,,2713.0,1535.0,,,1044.0,2713.0,,
,,2160.0,1620.0,2778.0,274.0,3776.0,1025.0,5.0,3833.0,1044.0,2762.0,2456.0,3403.0,61.0,1017.0,,218.0,538.0,,,1115.0,2487.0,,
,,899.0,2543.0,3743.0,161.0,1771.0,233.0,111.0,45.0,1978.0,3397.0,3277.0,2340.0,2543.0,3260.0,,5.0,1945.0,,,67.0,3014.0,,
,,2402.0,1317.0,89.0,1853.0,2561.0,3231.0,1328.0,1735.0,1663.0,1197.0,1843.0,1320.0,3191.0,2682.0,,2997.0,852.0,,,3120.0,257.0,,
,,3614.0,3043.0,2103.0,67.0,242.0,1620.0,3095.0,1824.0,2533.0,5.0,3156.0,1334.0,3058.0,2987.0,,1801.0,3452.0,,,2602.0,2251.0,,
,,2758.0,1530.0,1564.0,2926.0,1050.0,1944.0,1475.0,2533.0,267.0,80.0,1475.0,2481.0,1115.0,3232.0,,3891.0,553.0,,,61.0,1017.0,,
,,2581.0,3232.0,2997.0,720.0,3907.0,3097.0,1116.0,297.0,2815.0,2906.0,1544.0,3532.0,1031.0,180.0,,2808.0,1544.0,,,1216.0,72.0,,
,,3378.0,3164.0,1017.0,3465.0,3259.0,2496.0,1420.0,1989.0,3706.0,1617.0,67.0,2530.0,517.0,3628.0,,2456.0,3897.0,,,2581.0,2324.0,,
,,1265.0,102.0,3474.0,3260.0,3578.0,974.0,2761.0,1413.0,1842.0,2307.0,2481.0,2966.0,143.0,3706.0,,3147.0,2492.0,,,3041.0,1320.0,,
,,2481.0,1992.0,1039.0,2682.0,3898.0,1779.0,1098.0,3665.0,3442.0,2664.0,2579.0,296.0,67.0,3220.0,,3464.0,3097.0,,,802.0,1193.0,,
,,364.0,852.0,1755.0,2780.0,1193.0,2403.0,3198.0,573.0,2769.0,3891.0,1050.0,3163.0,917.0,2445.0,,3614.0,3312.0,,,3089.0,1204.0,,
,,3249.0,191.0,1621.0,72.0,3710.0,2909.0,274.0,1544.0,3543.0,3103.0,3169.0,67.0,1307.0,1791.0,,3497.0,3710.0,,,1944.0,802.0,,
,,67.0,1361.0,2940.0,574.0,2355.0,1476.0,802.0,3866.0,3759.0,1523.0,102.0,1215.0,636.0,3891.0,,1248.0,3706.0,,,1339.0,2493.0,,
,,1334.0,3187.0,2780.0,3156.0,2642.0,1973.0,3260.0,2204.0,2037.0,1330.0,2800.0,1335.0,3156.0,3164.0,,2363.0,61.0,,,536.0,749.0,,
,,79.0,2980.0,1490.0,3163.0,3695.0,1863.0,3220.0,3620.0,1249.0,1755.0,1564.0,3023.0,135.0,2909.0,,30.0,1577.0,,,257.0,183.0,,
,,1031.0,381.0,1249.0,65.0,2761.0,366.0,2363.0,1707.0,480.0,2035.0,79.0,2324.0,101.0,1824.0,,3089.0,524.0,,,212.0,560.0,,
,,3911.0,3806.0,1025.0,3649.0,3159.0,3188.0,1354.0,3743.0,2808.0,1521.0,2909.0,3326.0,2166.0,1455.0,,2486.0,1232.0,,,2579.0,2602.0,,
,,1317.0,3697.0,1050.0,2481.0,2345.0,1535.0,1835.0,1426.0,906.0,841.0,1620.0,3569.0,3351.0,1754.0,,3546.0,95.0,,,3881.0,3628.0,,
,,3415.0,2787.0,1149.0,260.0,395.0,2981.0,789.0,233.0,3858.0,1132.0,573.0,2802.0,2930.0,3006.0,,3851.0,377.0,,,233.0,395.0,,
,,3017.0,1581.0,2486.0,973.0,1533.0,,480.0,2981.0,3895.0,1334.0,2612.0,1038.0,1132.0,560.0,,3833.0,274.0,,,1132.0,1197.0,,
,,289.0,3753.0,1699.0,1516.0,3496.0,,2834.0,,3775.0,1115.0,1354.0,359.0,531.0,2035.0,,1755.0,1698.0,,,3312.0,1895.0,,
,,3597.0,2469.0,3505.0,3576.0,1477.0,,142.0,,973.0,556.0,538.0,61.0,1170.0,2502.0,,2415.0,3339.0,,,2198.0,2674.0,,
,,3181.0,836.0,2808.0,3841.0,1824.0,,72.0,,3881.0,3113.0,997.0,72.0,2910.0,538.0,,1122.0,3883.0,,,1636.0,3578.0,,
,,1500.0,1393.0,553.0,1835.0,3001.0,,2674.0,,3882.0,1621.0,432.0,836.0,3249.0,2402.0,,1115.0,1550.0,,,3846.0,1296.0,,
,,1232.0,3013.0,101.0,3198.0,749.0,,3710.0,,3120.0,3283.0,3721.0,2759.0,3563.0,86.0,,1564.0,531.0,,,2958.0,1521.0,,
,,1297.0,804.0,2502.0,1038.0,802.0,,1387.0,,3220.0,3050.0,3710.0,1617.0,1182.0,1994.0,,403.0,871.0,,,2496.0,3312.0,,
,,2887.0,2926.0,1777.0,3799.0,502.0,,2469.0,,1038.0,1544.0,2324.0,3415.0,2035.0,2674.0,,1698.0,3188.0,,,3592.0,377.0,,
,,2926.0,3882.0,2887.0,3488.0,245.0,,3409.0,,536.0,3249.0,3515.0,1116.0,833.0,2931.0,,1973.0,3120.0,,,3649.0,1752.0,,
,,2490.0,627.0,891.0,3466.0,3399.0,,3324.0,,208.0,991.0,2493.0,2831.0,1755.0,716.0,,2780.0,749.0,,,2253.0,3220.0,,
,,1023.0,1673.0,343.0,1475.0,720.0,,983.0,,1228.0,3097.0,3316.0,2769.0,983.0,826.0,,3232.0,3640.0,,,180.0,3614.0,,
,,2469.0,273.0,260.0,2493.0,1281.0,,180.0,,852.0,986.0,2946.0,2581.0,1197.0,3326.0,,634.0,2502.0,,,1050.0,1388.0,,
,,2966.0,662.0,2461.0,689.0,1039.0,,1024.0,,909.0,3335.0,3799.0,1270.0,2514.0,480.0,,121.0,917.0,,,1052.0,2289.0,,
,,3097.0,3231.0,30.0,2449.0,3324.0,,3115.0,,1621.0,3841.0,3794.0,2674.0,179.0,561.0,,2579.0,1973.0,,,2035.0,3465.0,,
,,3397.0,393.0,1353.0,2166.0,1296.0,,3255.0,,2878.0,673.0,2079.0,3882.0,403.0,1586.0,,79.0,1361.0,,,2134.0,3497.0,,
,,135.0,1863.0,2054.0,401.0,3340.0,,67.0,,3163.0,2402.0,482.0,1333.0,161.0,2493.0,,2966.0,634.0,,,2682.0,3597.0,,
,,2495.0,1334.0,3117.0,2910.0,1017.0,,2627.0,,2674.0,1588.0,2374.0,1307.0,938.0,359.0,,1233.0,3220.0,,,983.0,3710.0,,
,,595.0,65.0,2621.0,1548.0,305.0,,720.0,,3464.0,956.0,480.0,183.0,2713.0,147.0,,1138.0,2581.0,,,1568.0,973.0,,
,,1568.0,3260.0,640.0,212.0,2533.0,,3517.0,,184.0,1467.0,3743.0,3255.0,1281.0,2887.0,,2708.0,2772.0,,,1791.0,3409.0,,
,,353.0,2708.0,3097.0,1206.0,561.0,,1516.0,,2103.0,2958.0,2925.0,3623.0,3911.0,1839.0,,144.0,1640.0,,,3324.0,1044.0,,
,,2552.0,1388.0,3358.0,1698.0,3871.0,,2307.0,,720.0,909.0,674.0,3117.0,2861.0,2486.0,,833.0,3113.0,,,79.0,3866.0,,
,,3881.0,3891.0,1707.0,2718.0,1413.0,,859.0,,1237.0,3013.0,2536.0,909.0,3334.0,1475.0,,2940.0,1588.0,,,852.0,1475.0,,
,,2623.0,906.0,1772.0,2241.0,2289.0,,1550.0,,2909.0,2486.0,2987.0,1581.0,2627.0,3640.0,,2166.0,3546.0,,,403.0,662.0,,
,,1974.0,2856.0,2602.0,3277.0,1544.0,,1108.0,,3649.0,643.0,1388.0,1967.0,2674.0,3678.0,,2800.0,1416.0,,,2490.0,393.0,,
,,89.0,3743.0,781.0,2545.0,3739.0,,3259.0,,242.0,2079.0,3851.0,3232.0,1047.0,1180.0,,3159.0,3277.0,,,662.0,2164.0,,
,,2761.0,1216.0,3678.0,257.0,3381.0,,2846.0,,381.0,1136.0,3670.0,659.0,2834.0,1910.0,,1361.0,1751.0,,,3710.0,3255.0,,
,,999.0,218.0,196.0,3186.0,2834.0,,3047.0,,1455.0,731.0,1998.0,1550.0,871.0,3324.0,,3082.0,104.0,,,2383.0,3147.0,,
,,2345.0,2996.0,2761.0,3881.0,2363.0,,381.0,,789.0,1568.0,802.0,1982.0,45.0,3623.0,,3409.0,3576.0,,,1016.0,2845.0,,
,,3037.0,2340.0,2340.0,1307.0,326.0,,65.0,,2552.0,3159.0,2487.0,3312.0,1772.0,2289.0,,538.0,1334.0,,,395.0,3326.0,,
,,2502.0,3334.0,72.0,1017.0,1067.0,,876.0,,891.0,142.0,1975.0,2808.0,233.0,260.0,,67.0,3455.0,,,2910.0,3175.0,,
,,3188.0,1979.0,181.0,1232.0,1031.0,,80.0,,263.0,1333.0,3569.0,3220.0,2533.0,3846.0,,3160.0,3403.0,,,1824.0,1140.0,,
,,1254.0,997.0,1973.0,3097.0,1527.0,,3326.0,,1617.0,3040.0,3232.0,3302.0,3043.0,3082.0,,1756.0,1754.0,,,1281.0,538.0,,
,,2646.0,802.0,728.0,2980.0,728.0,,2324.0,,3415.0,2469.0,1216.0,3178.0,2800.0,3191.0,,1788.0,343.0,,,2404.0,2448.0,,
,,2773.0,1550.0,3160.0,2351.0,3555.0,,282.0,,2803.0,3329.0,1177.0,2502.0,132.0,3231.0,,1477.0,789.0,,,956.0,67.0,,
,,1089.0,2642.0,1016.0,3342.0,3474.0,,1791.0,,1588.0,802.0,1874.0,3847.0,1533.0,1216.0,,3607.0,3623.0,,,1477.0,2808.0,,
,,611.0,2324.0,67.0,2340.0,2340.0,,909.0,,1791.0,2802.0,3255.0,1979.0,2802.0,3647.0,,245.0,1050.0,,,364.0,2596.0,,
,,2366.0,1311.0,1073.0,282.0,1967.0,,1663.0,,1544.0,296.0,60.0,3442.0,802.0,1771.0,,242.0,2108.0,,,3496.0,1387.0,,
,,1836.0,857.0,3496.0,772.0,240.0,,930.0,,3282.0,2496.0,2251.0,2997.0,1136.0,1393.0,,91.0,3248.0,,,343.0,1232.0,,
,,2754.0,1866.0,1270.0,3607.0,397.0,,2808.0,,3620.0,1863.0,3381.0,1620.0,1620.0,611.0,,3261.0,1132.0,,,2796.0,1132.0,,
,,3497.0,2682.0,2992.0,3670.0,3164.0,,101.0,,997.0,1193.0,42.0,1464.0,1994.0,1232.0,,3277.0,245.0,,,3882.0,2035.0,,
,,1788.0,1535.0,3911.0,857.0,3732.0,,3846.0,,3623.0,1116.0,2708.0,1973.0,3623.0,2533.0,,1639.0,1298.0,,,557.0,2677.0,,
,,2307.0,2502.0,1836.0,2502.0,876.0,,3776.0,,101.0,381.0,1334.0,5.0,1588.0,2490.0,,65.0,556.0,,,3799.0,1863.0,,
,,3258.0,1435.0,2677.0,1604.0,3095.0,,1974.0,,142.0,2602.0,3607.0,2812.0,3576.0,3097.0,,1193.0,1824.0,,,2989.0,3759.0,,
,,2808.0,1588.0,2448.0,1073.0,1513.0,,1839.0,,2596.0,148.0,2260.0,2958.0,2887.0,2953.0,,1544.0,3358.0,,,1387.0,3895.0,,
,,480.0,2533.0,676.0,2807.0,3050.0,,3156.0,,1467.0,3164.0,2846.0,1467.0,1296.0,3728.0,,1568.0,3259.0,,,1307.0,2445.0,,
,,1216.0,713.0,668.0,1553.0,401.0,,1658.0,,297.0,859.0,2181.0,1016.0,3497.0,3399.0,,599.0,2046.0,,,2533.0,2997.0,,
,,3678.0,1405.0,3255.0,2251.0,855.0,,3745.0,,245.0,1910.0,2989.0,1387.0,339.0,1863.0,,720.0,1586.0,,,3334.0,1477.0,,
,,2799.0,3220.0,1108.0,2989.0,1320.0,,1878.0,,313.0,2925.0,2236.0,2545.0,2992.0,3649.0,,2831.0,3898.0,,,2448.0,2762.0,,
,,3231.0,3614.0,3249.0,2366.0,3525.0,,1405.0,,1115.0,2502.0,2204.0,623.0,826.0,3695.0,,1789.0,1106.0,,,997.0,2456.0,,
,,86.0,3505.0,2906.0,1388.0,2966.0,,1535.0,,1630.0,395.0,1755.0,827.0,3326.0,221.0,,1777.0,1974.0,,,381.0,3249.0,,
,,355.0,2204.0,1117.0,1564.0,3156.0,,657.0,,3409.0,1435.0,2966.0,2278.0,1038.0,2966.0,,2204.0,184.0,,,3048.0,2945.0,,
,,132.0,3710.0,313.0,1031.0,556.0,,3057.0,,79.0,3117.0,403.0,3517.0,1699.0,1490.0,,826.0,180.0,,,2345.0,3340.0,,
,,2493.0,2887.0,3833.0,1843.0,1772.0,,1017.0,,657.0,3232.0,1380.0,2350.0,1910.0,1707.0,,297.0,2579.0,,,728.0,2627.0,,
,,1353.0,1354.0,1581.0,95.0,403.0,,1863.0,,377.0,180.0,2198.0,1658.0,2966.0,3592.0,,260.0,956.0,,,1464.0,2469.0,,
,,2404.0,3817.0,1405.0,3669.0,1564.0,,3249.0,,1475.0,403.0,713.0,65.0,180.0,1132.0,,1530.0,1237.0,,,553.0,1588.0,,
,,1772.0,1182.0,142.0,1328.0,3743.0,,1435.0,,395.0,86.0,3117.0,1475.0,3159.0,3895.0,,3259.0,2469.0,,,3732.0,3680.0,,
,,1281.0,536.0,1878.0,3647.0,1910.0,,1530.0,,802.0,826.0,1568.0,184.0,480.0,2627.0,,3633.0,2682.0,,,3706.0,2108.0,,
,,2802.0,1320.0,1550.0,3742.0,3126.0,,2415.0,,3597.0,1630.0,3103.0,2254.0,1239.0,3614.0,,2.0,3597.0,,,3260.0,1311.0,,
,,1967.0,403.0,2505.0,111.0,3082.0,,2456.0,,2682.0,1238.0,61.0,2181.0,1878.0,1311.0,,2503.0,2910.0,,,2334.0,3567.0,,
,,2989.0,1698.0,296.0,3597.0,1550.0,,1843.0,,1994.0,2807.0,764.0,1855.0,2289.0,2481.0,,2581.0,3649.0,,,3095.0,659.0,,
,,3907.0,67.0,3334.0,1297.0,5.0,,2289.0,,713.0,531.0,1307.0,2345.0,828.0,1755.0,,1824.0,1417.0,,,871.0,1577.0,,
,,3342.0,2602.0,1535.0,3546.0,1405.0,,599.0,,1354.0,663.0,1311.0,1910.0,3312.0,1620.0,,1617.0,3895.0,,,1328.0,203.0,,
,,3148.0,3117.0,2619.0,30.0,2887.0,,2682.0,,3533.0,1558.0,3082.0,2533.0,3409.0,1967.0,,2543.0,17.0,,,1475.0,1535.0,,
,,1405.0,2404.0,852.0,1994.0,2627.0,,1103.0,,1311.0,2533.0,1974.0,986.0,1764.0,3126.0,,1910.0,3639.0,,,903.0,42.0,,
,,1475.0,934.0,1746.0,2079.0,2448.0,,1994.0,,662.0,3817.0,3886.0,2800.0,1353.0,3546.0,,2469.0,1771.0,,,3257.0,1801.0,,
,,2579.0,3082.0,273.0,1568.0,1863.0,,1197.0,,3156.0,179.0,1533.0,850.0,86.0,3302.0,,2996.0,1182.0,,,449.0,3846.0,,
,,2535.0,1328.0,1038.0,3739.0,1115.0,,3478.0,,3525.0,2674.0,781.0,910.0,1108.0,1477.0,,143.0,684.0,,,1735.0,3911.0,,
,,1371.0,851.0,221.0,3316.0,2197.0,,273.0,,2579.0,30.0,2133.0,1140.0,2907.0,2530.0,,3378.0,1025.0,,,3415.0,1843.0,,
,,3103.0,634.0,3095.0,1620.0,1791.0,,277.0,,1216.0,3678.0,553.0,2536.0,1008.0,1031.0,,1197.0,3163.0,,,1781.0,1116.0,,
,,1467.0,930.0,772.0,1044.0,2861.0,,872.0,,2340.0,1836.0,3058.0,983.0,3442.0,1089.0,,3334.0,2718.0,,,855.0,403.0,,
,,3670.0,1038.0,3488.0,3628.0,3326.0,,2204.0,,1863.0,1533.0,1973.0,1436.0,1193.0,599.0,,212.0,1089.0,,,945.0,666.0,,
,,3806.0,2492.0,2343.0,3255.0,3774.0,,826.0,,2644.0,900.0,1617.0,720.0,1568.0,183.0,,3113.0,376.0,,,3742.0,855.0,,
,,3533.0,2035.0,1328.0,3351.0,1441.0,,2831.0,,3833.0,3261.0,3614.0,3126.0,487.0,233.0,,2989.0,2987.0,,,2648.0,2802.0,,
,,3743.0,2807.0,3043.0,3017.0,3881.0,,643.0,,2343.0,1489.0,1801.0,1530.0,1024.0,3670.0,,3745.0,860.0,,,2181.0,480.0,,
,,910.0,1031.0,2769.0,2966.0,2481.0,,1380.0,,2945.0,1642.0,891.0,1345.0,126.0,2648.0,,1521.0,257.0,,,640.0,3261.0,,
,,3232.0,3277.0,2996.0,3855.0,3806.0,,3743.0,,3728.0,1994.0,909.0,556.0,643.0,3048.0,,907.0,2103.0,,,636.0,2543.0,,
,,1215.0,1052.0,3882.0,986.0,3342.0,,393.0,,2864.0,2778.0,3525.0,1553.0,1117.0,3184.0,,983.0,2856.0,,,1974.0,297.0,,
,,826.0,444.0,997.0,3583.0,731.0,,1031.0,,86.0,366.0,2674.0,3628.0,3231.0,2856.0,,3342.0,3497.0,,,3895.0,233.0,,
,,72.0,1617.0,2718.0,1535.0,107.0,,3695.0,,1297.0,3633.0,274.0,802.0,3633.0,1334.0,,1588.0,3342.0,,,3339.0,713.0,,
,,623.0,1089.0,1371.0,2987.0,2496.0,,2449.0,,2595.0,1405.0,3334.0,449.0,2642.0,1617.0,,2340.0,3633.0,,,820.0,1568.0,,
,,1328.0,3159.0,1388.0,749.0,1535.0,,3721.0,,986.0,2181.0,3595.0,2778.0,2769.0,132.0,,1836.0,3592.0,,,2254.0,79.0,,
,,802.0,1380.0,1801.0,3911.0,634.0,,1361.0,,3569.0,2737.0,3164.0,2487.0,2493.0,231.0,,1676.0,3260.0,,,1017.0,3351.0,,
,,2861.0,909.0,3617.0,3415.0,1330.0,,218.0,,273.0,1024.0,2992.0,1698.0,2778.0,2679.0,,1735.0,2096.0,,,3647.0,1663.0,,
,,855.0,3732.0,857.0,1183.0,772.0,,3277.0,,2345.0,3351.0,2773.0,3175.0,2596.0,2496.0,,240.0,1752.0,,,2152.0,2787.0,,
,,2987.0,1364.0,3721.0,2895.0,2940.0,,505.0,,2289.0,2627.0,930.0,1108.0,749.0,313.0,,3886.0,2808.0,,,1212.0,3358.0,,
,,3525.0,1017.0,2160.0,3678.0,930.0,,3678.0,,2807.0,231.0,1791.0,2184.0,409.0,3794.0,,2846.0,3236.0,,,2966.0,263.0,,
,,1191.0,1663.0,3164.0,1296.0,273.0,,2506.0,,561.0,101.0,1297.0,79.0,663.0,3057.0,,3312.0,3614.0,,,3640.0,1233.0,,
,,857.0,1713.0,1044.0,3418.0,3358.0,,1311.0,,728.0,1998.0,1320.0,553.0,1405.0,3595.0,,444.0,1387.0,,,1023.0,3156.0,,
,,3474.0,2940.0,1998.0,1630.0,859.0,,1477.0,,3576.0,3721.0,30.0,536.0,2165.0,749.0,,2165.0,1311.0,,,3497.0,2861.0,,
,,1049.0,30.0,495.0,802.0,1328.0,,871.0,,2366.0,810.0,3089.0,30.0,657.0,3095.0,,1620.0,3169.0,,,1788.0,1089.0,,
,,2778.0,2251.0,599.0,599.0,1116.0,,3882.0,,3607.0,3774.0,326.0,381.0,3640.0,1588.0,,731.0,1994.0,,,3340.0,2156.0,,
,,1550.0,3517.0,3191.0,3312.0,657.0,,260.0,,2490.0,1050.0,397.0,1878.0,1455.0,2677.0,,3620.0,409.0,,,3159.0,2579.0,,
,,599.0,956.0,1136.0,43.0,3759.0,,1411.0,,3013.0,657.0,2861.0,997.0,3743.0,395.0,,1333.0,2481.0,,,3583.0,2204.0,,
,,267.0,3178.0,1698.0,79.0,1132.0,,749.0,,930.0,1789.0,1501.0,2934.0,1411.0,3188.0,,1998.0,595.0,,,1910.0,3739.0,,
,,1333.0,2621.0,3415.0,2761.0,538.0,,2579.0,,1031.0,3418.0,1017.0,3739.0,2160.0,1467.0,,1974.0,2627.0,,,1136.0,1328.0,,
,,3316.0,3342.0,2445.0,663.0,2469.0,,3879.0,,2780.0,3497.0,1414.0,3891.0,3620.0,381.0,,2472.0,3847.0,,,3277.0,724.0,,
,,1789.0,2160.0,643.0,3850.0,111.0,,659.0,,1836.0,1973.0,2997.0,2989.0,2581.0,2713.0,,749.0,909.0,,,274.0,2926.0,,
,,2615.0,1404.0,930.0,2307.0,938.0,,1617.0,,1568.0,728.0,260.0,1713.0,3546.0,2764.0,,2591.0,1530.0,,,3759.0,2490.0,,
,,662.0,2874.0,1658.0,3416.0,1414.0,,3261.0,,2496.0,1067.0,101.0,132.0,1791.0,3774.0,,2103.0,43.0,,,2351.0,1994.0,,
,,1994.0,480.0,95.0,2591.0,2124.0,,1489.0,,2940.0,1272.0,3142.0,750.0,2054.0,983.0,,2602.0,3776.0,,,917.0,2133.0,,
,,3464.0,720.0,2834.0,3261.0,3147.0,,2103.0,,240.0,2476.0,1788.0,2627.0,2709.0,3633.0,,1866.0,3382.0,,,2981.0,1973.0,,
,,1039.0,3846.0,3525.0,1049.0,2156.0,,1136.0,,640.0,3876.0,3617.0,1017.0,3799.0,2945.0,,3742.0,3505.0,,,,142.0,,
,,3277.0,3089.0,1577.0,1788.0,1106.0,,1073.0,,3743.0,393.0,1535.0,403.0,95.0,713.0,,32.0,2351.0,,,,3806.0,,
,,2184.0,781.0,1454.0,135.0,909.0,,2764.0,,2204.0,2989.0,1117.0,1974.0,1050.0,720.0,,3095.0,186.0,,,,260.0,,
,,556.0,313.0,3879.0,826.0,2103.0,,2621.0,,3418.0,3886.0,1588.0,857.0,239.0,393.0,,2987.0,1620.0,,,,449.0,,
,,2181.0,343.0,482.0,2800.0,1388.0,,3147.0,,3846.0,1564.0,240.0,3710.0,2612.0,2602.0,,2887.0,1039.0,,,,2989.0,,
,,2708.0,1489.0,2469.0,263.0,1090.0,,2602.0,,1533.0,3017.0,1910.0,3159.0,3226.0,89.0,,132.0,1148.0,,,,3277.0,,
,,3156.0,728.0,2198.0,91.0,95.0,,1788.0,,2997.0,3670.0,3732.0,2677.0,3259.0,208.0,,1209.0,3745.0,,,,221.0,,
,,3647.0,657.0,3633.0,3774.0,2133.0,,1317.0,,1620.0,789.0,2677.0,1136.0,1973.0,1553.0,,3647.0,1840.0,,,,1047.0,,
,,3289.0,1910.0,1489.0,1149.0,1371.0,,1216.0,,3058.0,3907.0,3095.0,3259.0,2366.0,3753.0,,326.0,3257.0,,,,1707.0,,
,,2156.0,1073.0,1237.0,3640.0,2958.0,,1824.0,,3277.0,2133.0,2758.0,1044.0,3876.0,1564.0,,381.0,1044.0,,,,1772.0,,
,,3326.0,983.0,3057.0,3806.0,2888.0,,855.0,,1136.0,2103.0,2832.0,1050.0,1023.0,3255.0,,1023.0,2861.0,,,,3452.0,,
,,3409.0,2796.0,1967.0,1617.0,1489.0,,3525.0,,1489.0,2907.0,72.0,1994.0,2340.0,2940.0,,3191.0,2372.0,,,,2340.0,,
,,216.0,3381.0,2133.0,3095.0,3533.0,,3415.0,,1910.0,2355.0,3774.0,1193.0,1486.0,1513.0,,3776.0,2496.0,,,,1532.0,,
,,2627.0,3156.0,2832.0,183.0,3478.0,,60.0,,983.0,3806.0,1489.0,126.0,1218.0,973.0,,781.0,397.0,,,,643.0,,
,,1535.0,3095.0,1530.0,597.0,263.0,,891.0,,2981.0,3640.0,3324.0,3640.0,1073.0,3715.0,,3316.0,3882.0,,,,3117.0,,
,,233.0,2831.0,1769.0,909.0,2181.0,,1320.0,,,2981.0,1405.0,3742.0,1116.0,2448.0,,841.0,3178.0,,,,179.0,,
,,3082.0,1339.0,125.0,2946.0,3515.0,,1333.0,,,,2241.0,1237.0,1140.0,3677.0,,3597.0,3089.0,,,,834.0,,
,,1197.0,3147.0,3416.0,3567.0,2807.0,,3799.0,,,,2160.0,1489.0,2989.0,1973.0,,3881.0,2495.0,,,,3742.0,,
,,2204.0,666.0,1380.0,3350.0,1339.0,,2495.0,,,,536.0,1311.0,820.0,930.0,,3640.0,2916.0,,,,65.0,,
,,536.0,1193.0,216.0,832.0,2796.0,,3505.0,,,,599.0,221.0,1992.0,2591.0,,148.0,142.0,,,,1489.0,,
,,3184.0,1047.0,1197.0,3525.0,1521.0,,1050.0,,,,339.0,2998.0,393.0,1221.0,,101.0,3670.0,,,,3133.0,,
,,657.0,716.0,3142.0,27.0,1992.0,,108.0,,,,3418.0,1564.0,2940.0,2787.0,,3400.0,536.0,,,,2307.0,,
,,5.0,1869.0,2846.0,3728.0,3721.0,,857.0,,,,3101.0,2166.0,3203.0,3776.0,,802.0,1843.0,,,,634.0,,
,,3675.0,1333.0,2762.0,2469.0,640.0,,3043.0,,,,2165.0,480.0,3381.0,1345.0,,2833.0,3774.0,,,,91.0,,
,,3006.0,1882.0,3175.0,2627.0,1698.0,,1574.0,,,,3340.0,2133.0,1103.0,3742.0,,1238.0,1975.0,,,,3302.0,,
,,1617.0,826.0,1202.0,2648.0,1197.0,,221.0,,,,233.0,1361.0,650.0,2543.0,,1328.0,2602.0,,,,5.0,,
,,1791.0,3677.0,3871.0,403.0,1044.0,,1149.0,,,,636.0,1297.0,1843.0,3851.0,,3126.0,2997.0,,,,2150.0,,
,,3745.0,2627.0,2803.0,1489.0,1588.0,,2940.0,,,,125.0,2856.0,3095.0,2570.0,,142.0,67.0,,,,3546.0,,
,,2289.0,2505.0,855.0,1108.0,393.0,,3340.0,,,,376.0,1863.0,3208.0,3340.0,,3399.0,2340.0,,,,101.0,,
,,2769.0,401.0,659.0,142.0,983.0,,2861.0,,,,3846.0,1073.0,3841.0,495.0,,3895.0,2456.0,,,,1405.0,,
,,835.0,180.0,2674.0,1824.0,1577.0,,2340.0,,,,1863.0,930.0,2.0,917.0,,3710.0,640.0,,,,1354.0,,
,,1910.0,2181.0,1307.0,820.0,1973.0,,1789.0,,,,3806.0,1707.0,2945.0,2997.0,,2803.0,826.0,,,,3891.0,,
,,401.0,2989.0,636.0,1237.0,2726.0,,3089.0,,,,2355.0,3732.0,1789.0,305.0,,3505.0,802.0,,,,1038.0,,
,,2166.0,1106.0,3556.0,2887.0,851.0,,2856.0,,,,1345.0,3721.0,1085.0,2833.0,,1717.0,1617.0,,,,997.0,,
,,2449.0,1978.0,239.0,3434.0,3133.0,,910.0,,,,3876.0,3156.0,3882.0,3497.0,,495.0,1297.0,,,,124.0,,
,,179.0,487.0,3732.0,2492.0,1467.0,,1506.0,,,,650.0,1067.0,790.0,900.0,,3324.0,5.0,,,,3324.0,,
,,2803.0,1973.0,121.0,3203.0,1024.0,,3633.0,,,,1140.0,2839.0,1535.0,91.0,,231.0,1992.0,,,,3886.0,,
,,1182.0,1516.0,274.0,1925.0,3188.0,,2997.0,,,,2949.0,3043.0,1696.0,909.0,,3670.0,3891.0,,,,1380.0,,
,,699.0,2449.0,27.0,326.0,662.0,,1777.0,,,,366.0,2103.0,2204.0,1197.0,,2289.0,1564.0,,,,3342.0,,
,,2946.0,432.0,1292.0,1532.0,3742.0,,2181.0,,,,2803.0,3392.0,3846.0,871.0,,1581.0,1863.0,,,,820.0,,
,,1148.0,863.0,366.0,1876.0,903.0,,1910.0,,,,3057.0,538.0,2133.0,1895.0,,1354.0,1352.0,,,,147.0,,
,,61.0,3188.0,2709.0,2156.0,274.0,,3474.0,,,,65.0,2682.0,1489.0,3147.0,,872.0,720.0,,,,2621.0,,
,,1387.0,2495.0,2796.0,930.0,2945.0,,2570.0,,,,1648.0,1992.0,713.0,3416.0,,2242.0,2887.0,,,,3576.0,,
,,2996.0,2992.0,2664.0,1339.0,1038.0,,3133.0,,,,1105.0,3057.0,79.0,1073.0,,3133.0,3740.0,,,,498.0,,
,,1106.0,3175.0,713.0,640.0,3412.0,,2646.0,,,,934.0,3334.0,3361.0,3261.0,,561.0,3272.0,,,,517.0,,
,,297.0,3259.0,657.0,643.0,80.0,,3178.0,,,,2958.0,2496.0,3851.0,1320.0,,3023.0,240.0,,,,1573.0,,
,,2945.0,3324.0,3742.0,3464.0,2470.0,,1639.0,,,,55.0,2363.0,3017.0,403.0,,3415.0,1410.0,,,,226.0,,
,,1238.0,101.0,956.0,2552.0,1354.0,,3464.0,,,,1435.0,1281.0,728.0,2708.0,,3043.0,1855.0,,,,1564.0,,
,,640.0,1577.0,1501.0,495.0,3882.0,,713.0,,,,95.0,835.0,2103.0,2803.0,,3496.0,2729.0,,,,1839.0,,
,,3095.0,260.0,2545.0,218.0,310.0,,2989.0,,,,3259.0,395.0,2456.0,3208.0,,1296.0,1979.0,,,,2103.0,,
,,1588.0,2345.0,802.0,1477.0,1138.0,,3101.0,,,,640.0,390.0,3617.0,857.0,,3260.0,1944.0,,,,2181.0,,
,,1863.0,2907.0,3876.0,2495.0,3620.0,,2054.0,,,,1330.0,2490.0,3057.0,65.0,,1073.0,657.0,,,,1315.0,,
,,891.0,59.0,1140.0,221.0,2204.0,,636.0,,,,2366.0,2289.0,3670.0,2351.0,,3636.0,2552.0,,,,2981.0,,
,,3142.0,1772.0,3399.0,3675.0,3247.0,,2198.0,,,,2621.0,907.0,1698.0,3882.0,,1992.0,662.0,,,,,,
,,3505.0,900.0,1553.0,1863.0,1506.0,,2778.0,,,,623.0,1648.0,1801.0,1067.0,,3617.0,3399.0,,,,,,
,,3361.0,310.0,2646.0,2579.0,1473.0,,3058.0,,,,2363.0,1621.0,257.0,1676.0,,3255.0,2256.0,,,,,,
,,1016.0,3057.0,1723.0,2769.0,3057.0,,2642.0,,,,1441.0,326.0,260.0,3732.0,,3678.0,1878.0,,,,,,
,,2846.0,875.0,1869.0,1525.0,1699.0,,3578.0,,,,268.0,3227.0,3774.0,1974.0,,2551.0,3164.0,,,,,,
,,749.0,3255.0,3214.0,1050.0,2254.0,,2874.0,,,,643.0,2438.0,1393.0,95.0,,343.0,1735.0,,,,,,
,,218.0,233.0,100.0,2958.0,3249.0,,326.0,,,,2834.0,393.0,3474.0,2545.0,,2449.0,3282.0,,,,,,
,,273.0,3595.0,634.0,997.0,3178.0,,3907.0,,,,3442.0,2204.0,855.0,2156.0,,1486.0,1016.0,,,,,,
,,1801.0,3418.0,1622.0,55.0,2808.0,,3342.0,,,,3505.0,1117.0,2846.0,640.0,,1106.0,3156.0,,,,,,
,,1769.0,1788.0,2181.0,2363.0,1486.0,,2996.0,,,,1827.0,832.0,432.0,1713.0,,2761.0,1038.0,,,,,,
,,444.0,1564.0,3380.0,3721.0,2946.0,,172.0,,,,1248.0,3361.0,2808.0,2103.0,,973.0,680.0,,,,,,
,,3607.0,3496.0,3596.0,3037.0,144.0,,3595.0,,,,1149.0,3806.0,1523.0,2579.0,,1405.0,3409.0,,,,,,
,,3178.0,891.0,3478.0,1187.0,1361.0,,1233.0,,,,1709.0,355.0,3806.0,3736.0,,366.0,3386.0,,,,,,
,,2496.0,538.0,3006.0,810.0,1989.0,,956.0,,,,3728.0,2150.0,2579.0,3775.0,,2612.0,3380.0,,,,,,
,,1188.0,3633.0,3695.0,239.0,91.0,,1836.0,,,,3496.0,1647.0,634.0,165.0,,2754.0,2726.0,,,,,,
,,1187.0,3525.0,1393.0,3043.0,3261.0,,2552.0,,,,186.0,517.0,2787.0,1388.0,,2796.0,403.0,,,,,,
,,2796.0,1149.0,3418.0,3175.0,2708.0,,2133.0,,,,2780.0,2729.0,1530.0,449.0,,2766.0,3806.0,,,,,,
,,2.0,1878.0,2152.0,623.0,2415.0,,640.0,,,,857.0,2861.0,3339.0,263.0,,2160.0,3261.0,,,,,,
,,1108.0,1789.0,1257.0,1827.0,3379.0,,1140.0,,,,3739.0,2887.0,1501.0,2996.0,,1016.0,2996.0,,,,,,
,,2079.0,3017.0,364.0,157.0,261.0,,261.0,,,,720.0,2355.0,1371.0,1435.0,,393.0,3732.0,,,,,,
,,142.0,3340.0,3381.0,231.0,1233.0,,835.0,,,,263.0,273.0,3496.0,102.0,,855.0,1073.0,,,,,,
,,997.0,2456.0,1974.0,3876.0,1333.0,,1707.0,,,,1676.0,2713.0,2926.0,297.0,,2627.0,260.0,,,,,,
,,2856.0,221.0,1516.0,1910.0,1801.0,,3496.0,,,,662.0,934.0,599.0,2949.0,,728.0,1067.0,,,,,,
,,395.0,231.0,2535.0,1292.0,3113.0,,3312.0,,,,3576.0,2165.0,3464.0,2895.0,,3800.0,1405.0,,,,,,
,,1073.0,226.0,615.0,3381.0,1149.0,,1744.0,,,,1016.0,3496.0,2906.0,2814.0,,875.0,836.0,,,,,,
,,1746.0,1619.0,908.0,3496.0,3203.0,,2981.0,,,,1233.0,1577.0,55.0,1238.0,,3418.0,313.0,,,,,,
,,3739.0,597.0,1330.0,1992.0,437.0,,,,,,1789.0,1588.0,3261.0,1108.0,,1501.0,1910.0,,,,,,
,,3617.0,3871.0,1647.0,2054.0,2674.0,,,,,,91.0,2456.0,2481.0,3578.0,,1658.0,1248.0,,,,,,
,,1345.0,3191.0,3866.0,3633.0,2096.0,,,,,,231.0,1746.0,1621.0,3505.0,,1535.0,233.0,,,,,,
,,1354.0,2981.0,2925.0,1238.0,3191.0,,,,,,1044.0,2448.0,3324.0,402.0,,3017.0,791.0,,,,,,
,,985.0,,179.0,1709.0,1435.0,,,,,,1455.0,1455.0,3254.0,1843.0,,1550.0,930.0,,,,,,
,,3334.0,,2366.0,2861.0,1433.0,,,,,,1371.0,3505.0,142.0,1550.0,,1699.0,3082.0,,,,,,
,,3259.0,,531.0,2164.0,917.0,,,,,,142.0,274.0,553.0,891.0,,424.0,1477.0,,,,,,
,,3488.0,,666.0,731.0,1866.0,,,,,,1212.0,2612.0,1827.0,1333.0,,857.0,3488.0,,,,,,
,,1992.0,,261.0,1405.0,124.0,,,,,,1882.0,3133.0,3282.0,802.0,,680.0,3680.0,,,,,,
,,1489.0,,1925.0,3057.0,1755.0,,,,,,3695.0,599.0,997.0,3055.0,,7.0,3728.0,,,,,,
,,2054.0,,3546.0,1998.0,2677.0,,,,,,875.0,1328.0,2389.0,2253.0,,3576.0,1328.0,,,,,,
,,3886.0,,755.0,993.0,2846.0,,,,,,908.0,561.0,2363.0,657.0,,1031.0,3415.0,,,,,,
,,3734.0,,2787.0,2165.0,3745.0,,,,,,1698.0,261.0,1676.0,1433.0,,2570.0,2773.0,,,,,,
,,148.0,,3739.0,1760.0,3117.0,,,,,,3361.0,3434.0,2832.0,2596.0,,3361.0,3532.0,,,,,,
,,3043.0,,3563.0,3882.0,3817.0,,,,,,2619.0,3737.0,3394.0,636.0,,3186.0,1281.0,,,,,,
,,1416.0,,2495.0,479.0,857.0,,,,,,273.0,1023.0,3133.0,1044.0,,1216.0,1193.0,,,,,,
,,3324.0,,339.0,376.0,3855.0,,,,,,2945.0,339.0,1974.0,3806.0,,1017.0,14.0,,,,,,
,,147.0,,1188.0,851.0,2165.0,,,,,,755.0,3799.0,875.0,517.0,,1489.0,3334.0,,,,,,
,,1044.0,,465.0,1008.0,3226.0,,,,,,1523.0,3351.0,1333.0,815.0,,820.0,1568.0,,,,,,
,,3418.0,,1863.0,804.0,390.0,,,,,,157.0,3474.0,930.0,244.0,,930.0,479.0,,,,,,
,,3620.0,,3101.0,1380.0,3378.0,,,,,,3416.0,3324.0,1709.0,1795.0,,273.0,1950.0,,,,,,
,,3695.0,,3115.0,3089.0,2989.0,,,,,,3678.0,3358.0,2251.0,2251.0,,1863.0,1138.0,,,,,,
,,2906.0,,573.0,3412.0,3418.0,,,,,,2470.0,1149.0,804.0,366.0,,1239.0,197.0,,,,,,
,,974.0,,3412.0,3442.0,1501.0,,,,,,3097.0,3142.0,3879.0,2552.0,,2481.0,2846.0,,,,,,
,,3452.0,,2946.0,1974.0,2802.0,,,,,,2503.0,101.0,3478.0,3525.0,,2981.0,2204.0,,,,,,
,,1698.0,,263.0,709.0,3633.0,,,,,,820.0,3578.0,366.0,3249.0,,,599.0,,,,,,
,,3774.0,,983.0,2488.0,1655.0,,,,,,221.0,2992.0,1016.0,634.0,,,2054.0,,,,,,
,,3721.0,,7.0,3048.0,3799.0,,,,,,2343.0,3670.0,662.0,2055.0,,,1510.0,,,,,,
,,3126.0,,2046.0,49.0,1249.0,,,,,,1636.0,749.0,3732.0,2456.0,,,1639.0,,,,,,
,,3255.0,,2999.0,1176.0,3505.0,,,,,,634.0,3095.0,2254.0,3351.0,,,2642.0,,,,,,
,,1501.0,,3736.0,3147.0,3254.0,,,,,,2254.0,1801.0,2355.0,1212.0,,,2713.0,,,,,,
,,2770.0,,2864.0,147.0,636.0,,,,,,1772.0,1339.0,3886.0,3043.0,,,1197.0,,,,,,
,,3746.0,,804.0,488.0,1788.0,,,,,,1197.0,1435.0,731.0,1866.0,,,781.0,,,,,,
,,517.0,,1138.0,1106.0,55.0,,,,,,3335.0,3082.0,460.0,216.0,,,2814.0,,,,,,
,,1869.0,,2958.0,1140.0,2981.0,,,,,,179.0,1008.0,3097.0,1414.0,,,1774.0,,,,,,
,,3257.0,,789.0,974.0,,,,,,,2887.0,3633.0,2946.0,59.0,,,1123.0,,,,,,
,,3356.0,,60.0,561.0,,,,,,,487.0,3586.0,2996.0,1998.0,,,3721.0,,,,,,
,,1136.0,,1788.0,636.0,,,,,,,2814.0,3850.0,1257.0,3103.0,,,2787.0,,,,,,
,,221.0,,2079.0,1345.0,,,,,,,900.0,2035.0,1744.0,997.0,,,3833.0,,,,,,
,,1630.0,,561.0,3126.0,,,,,,,252.0,3452.0,1866.0,1411.0,,,1353.0,,,,,,
,,511.0,,1655.0,2133.0,,,,,,,2709.0,1882.0,1513.0,2096.0,,,3799.0,,,,,,
,,305.0,,611.0,1212.0,,,,,,,956.0,991.0,3048.0,326.0,,,1486.0,,,,,,
,,1435.0,,1814.0,634.0,,,,,,,2351.0,124.0,1106.0,129.0,,,3043.0,,,,,,
,,3595.0,,986.0,1973.0,,,,,,,1713.0,1755.0,1292.0,724.0,,,1630.0,,,,,,
,,3247.0,,2165.0,1240.0,,,,,,,2700.0,1198.0,102.0,1774.0,,,339.0,,,,,,
,,102.0,,1882.0,1764.0,,,,,,,2770.0,3332.0,2646.0,3037.0,,,2635.0,,,,,,
,,1067.0,,3806.0,2852.0,,,,,,,3734.0,3596.0,1176.0,1840.0,,,511.0,,,,,,
,,3133.0,,2907.0,891.0,,,,,,,2981.0,465.0,216.0,860.0,,,2591.0,,,,,,
,,2834.0,,3846.0,2864.0,,,,,,,,3695.0,2503.0,1746.0,,,1315.0,,,,,,
,,2934.0,,1789.0,3534.0,,,,,,,,938.0,1212.0,2992.0,,,1912.0,,,,,,
,,397.0,,2786.0,2846.0,,,,,,,,657.0,449.0,3339.0,,,55.0,,,,,,
,,1116.0,,2708.0,102.0,,,,,,,,2445.0,231.0,2612.0,,,3255.0,,,,,,
,,65.0,,823.0,42.0,,,,,,,,1371.0,3452.0,3259.0,,,2906.0,,,,,,
,,3101.0,,2134.0,3236.0,,,,,,,,3248.0,1636.0,2198.0,,,623.0,,,,,,
,,3851.0,,3186.0,3334.0,,,,,,,,3636.0,448.0,3334.0,,,1489.0,,,,,,
,,326.0,,2503.0,595.0,,,,,,,,2160.0,2807.0,2981.0,,,379.0,,,,,,
,,1315.0,,1441.0,181.0,,,,,,,,3261.0,1044.0,,,,1827.0,,,,,,
,,1380.0,,2635.0,3142.0,,,,,,,,1486.0,30.0,,,,221.0,,,,,,
,,3528.0,,1410.0,1588.0,,,,,,,,27.0,218.0,,,,3607.0,,,,,,
,,3633.0,,2612.0,3517.0,,,,,,,,790.0,107.0,,,,3017.0,,,,,,
,,3412.0,,1435.0,524.0,,,,,,,,2127.0,1882.0,,,,1333.0,,,,,,
,,689.0,,3776.0,235.0,,,,,,,,3249.0,1746.0,,,,2254.0,,,,,,
,,1441.0,,344.0,2343.0,,,,,,,,2054.0,1998.0,,,,1292.0,,,,,,
,,1486.0,,2552.0,1337.0,,,,,,,,634.0,72.0,,,,855.0,,,,,,
,,917.0,,680.0,2906.0,,,,,,,,3851.0,3742.0,,,,2646.0,,,,,,
,,1989.0,,3668.0,556.0,,,,,,,,2803.0,1630.0,,,,157.0,,,,,,
,,2981.0,,1200.0,1414.0,,,,,,,,1202.0,3418.0,,,,934.0,,,,,,
,,,,3464.0,179.0,,,,,,,,1998.0,3721.0,,,,2769.0,,,,,,
,,,,1866.0,2713.0,,,,,,,,1132.0,125.0,,,,857.0,,,,,,
,,,,2981.0,1490.0,,,,,,,,3607.0,2708.0,,,,615.0,,,,,,
,,,,,3259.0,,,,,,,,3254.0,157.0,,,,3037.0,,,,,,
,,,,,1148.0,,,,,,,,3675.0,240.0,,,,2940.0,,,,,,
,,,,,397.0,,,,,,,,2449.0,1339.0,,,,3324.0,,,,,,
,,,,,2642.0,,,,,,,,713.0,1435.0,,,,3496.0,,,,,,
,,,,,2035.0,,,,,,,,820.0,3866.0,,,,480.0,,,,,,
,,,,,2514.0,,,,,,,,3101.0,100.0,,,,2449.0,,,,,,
,,,,,1744.0,,,,,,,,125.0,899.0,,,,1744.0,,,,,,
,,,,,1320.0,,,,,,,,643.0,3115.0,,,,2505.0,,,,,,
,,,,,2160.0,,,,,,,,1380.0,327.0,,,,1291.0,,,,,,
,,,,,899.0,,,,,,,,2618.0,2156.0,,,,1404.0,,,,,,
,,,,,1789.0,,,,,,,,1284.0,2648.0,,,,3340.0,,,,,,
,,,,,233.0,,,,,,,,2096.0,274.0,,,,1031.0,,,,,,
,,,,,1117.0,,,,,,,,2251.0,835.0,,,,3708.0,,,,,,
,,,,,659.0,,,,,,,,3397.0,3695.0,,,,2699.0,,,,,,
,,,,,1393.0,,,,,,,,627.0,2492.0,,,,1017.0,,,,,,
,,,,,487.0,,,,,,,,640.0,243.0,,,,1788.0,,,,,,
,,,,,713.0,,,,,,,,668.0,3103.0,,,,1435.0,,,,,,
,,,,,657.0,,,,,,,,662.0,2864.0,,,,3203.0,,,,,,
,,,,,1699.0,,,,,,,,3191.0,1089.0,,,,3879.0,,,,,,
,,,,,1067.0,,,,,,,,1416.0,3745.0,,,,3361.0,,,,,,
,,,,,1330.0,,,,,,,,89.0,1330.0,,,,1709.0,,,,,,
,,,,,2832.0,,,,,,,,2642.0,2345.0,,,,1149.0,,,,,,
,,,,,1777.0,,,,,,,,1843.0,1550.0,,,,3647.0,,,,,,
,,,,,1144.0,,,,,,,,1204.0,2958.0,,,,2241.0,,,,,,
,,,,,2103.0,,,,,,,,2635.0,1464.0,,,,181.0,,,,,,
,,,,,2503.0,,,,,,,,1839.0,1869.0,,,,1330.0,,,,,,
,,,,,2707.0,,,,,,,,3823.0,2856.0,,,,2363.0,,,,,,
,,,,,2981.0,,,,,,,,3290.0,1270.0,,,,986.0,,,,,,
,,,,,,,,,,,,,231.0,2934.0,,,,842.0,,,,,,
,,,,,,,,,,,,,1405.0,1315.0,,,,3595.0,,,,,,
,,,,,,,,,,,,,1506.0,1067.0,,,,239.0,,,,,,
,,,,,,,,,,,,,2239.0,3762.0,,,,2966.0,,,,,,
,,,,,,,,,,,,,3407.0,3178.0,,,,3191.0,,,,,,
,,,,,,,,,,,,,2907.0,1751.0,,,,2688.0,,,,,,
,,,,,,,,,,,,,1200.0,3505.0,,,,2127.0,,,,,,
,,,,,,,,,,,,,3546.0,181.0,,,,2766.0,,,,,,
,,,,,,,,,,,,,2495.0,3855.0,,,,65.0,,,,,,
,,,,,,,,,,,,,1513.0,3412.0,,,,1558.0,,,,,,
,,,,,,,,,,,,,1676.0,1058.0,,,,3556.0,,,,,,
,,,,,,,,,,,,,2709.0,659.0,,,,1791.0,,,,,,
,,,,,,,,,,,,,3380.0,1707.0,,,,2989.0,,,,,,
,,,,,,,,,,,,,917.0,2111.0,,,,1506.0,,,,,,
,,,,,,,,,,,,,1089.0,1202.0,,,,790.0,,,,,,
,,,,,,,,,,,,,1501.0,900.0,,,,2198.0,,,,,,
,,,,,,,,,,,,,2987.0,402.0,,,,1755.0,,,,,,
,,,,,,,,,,,,,91.0,1291.0,,,,2945.0,,,,,,
,,,,,,,,,,,,,2846.0,3488.0,,,,89.0,,,,,,
,,,,,,,,,,,,,3412.0,2505.0,,,,171.0,,,,,,
,,,,,,,,,,,,,2241.0,680.0,,,,231.0,,,,,,
,,,,,,,,,,,,,3497.0,2506.0,,,,2761.0,,,,,,
,,,,,,,,,,,,,3846.0,3101.0,,,,1176.0,,,,,,
,,,,,,,,,,,,,3186.0,2638.0,,,,728.0,,,,,,
,,,,,,,,,,,,,2351.0,326.0,,,,1501.0,,,,,,
,,,,,,,,,,,,,1769.0,3272.0,,,,1355.0,,,,,,
,,,,,,,,,,,,,1840.0,1284.0,,,,1746.0,,,,,,
,,,,,,,,,,,,,482.0,1177.0,,,,3851.0,,,,,,
,,,,,,,,,,,,,3339.0,556.0,,,,611.0,,,,,,
,,,,,,,,,,,,,855.0,2761.0,,,,432.0,,,,,,
,,,,,,,,,,,,,3595.0,3006.0,,,,3009.0,,,,,,
,,,,,,,,,,,,,2514.0,2150.0,,,,3418.0,,,,,,
,,,,,,,,,,,,,3680.0,666.0,,,,366.0,,,,,,
,,,,,,,,,,,,,3774.0,397.0,,,,567.0,,,,,,
,,,,,,,,,,,,,1388.0,2981.0,,,,1198.0,,,,,,
,,,,,,,,,,,,,3416.0,,,,,2596.0,,,,,,
,,,,,,,,,,,,,1497.0,,,,,969.0,,,,,,
,,,,,,,,,,,,,60.0,,,,,30.0,,,,,,
,,,,,,,,,,,,,3876.0,,,,,2958.0,,,,,,
,,,,,,,,,,,,,2807.0,,,,,3742.0,,,,,,
,,,,,,,,,,,,,1622.0,,,,,218.0,,,,,,
,,,,,,,,,,,,,1413.0,,,,,1490.0,,,,,,
,,,,,,,,,,,,,3734.0,,,,,3381.0,,,,,,
,,,,,,,,,,,,,1197.0,,,,,1371.0,,,,,,
,,,,,,,,,,,,,615.0,,,,,1354.0,,,,,,
,,,,,,,,,,,,,1206.0,,,,,132.0,,,,,,
,,,,,,,,,,,,,1353.0,,,,,1925.0,,,,,,
,,,,,,,,,,,,,3617.0,,,,,1202.0,,,,,,
,,,,,,,,,,,,,2822.0,,,,,150.0,,,,,,
,,,,,,,,,,,,,2636.0,,,,,3142.0,,,,,,
,,,,,,,,,,,,,102.0,,,,,2160.0,,,,,,
,,,,,,,,,,,,,3381.0,,,,,899.0,,,,,,
,,,,,,,,,,,,,636.0,,,,,643.0,,,,,,
,,,,,,,,,,,,,1257.0,,,,,1019.0,,,,,,
,,,,,,,,,,,,,3528.0,,,,,1713.0,,,,,,
,,,,,,,,,,,,,2552.0,,,,,2708.0,,,,,,
,,,,,,,,,,,,,1101.0,,,,,367.0,,,,,,
,,,,,,,,,,,,,2007.0,,,,,2895.0,,,,,,
,,,,,,,,,,,,,143.0,,,,,1373.0,,,,,,
,,,,,,,,,,,,,240.0,,,,,1676.0,,,,,,
,,,,,,,,,,,,,3115.0,,,,,3095.0,,,,,,
,,,,,,,,,,,,,3488.0,,,,,2503.0,,,,,,
,,,,,,,,,,,,,3340.0,,,,,3617.0,,,,,,
,,,,,,,,,,,,,914.0,,,,,1225.0,,,,,,
,,,,,,,,,,,,,834.0,,,,,1772.0,,,,,,
,,,,,,,,,,,,,2476.0,,,,,1536.0,,,,,,
,,,,,,,,,,,,,367.0,,,,,1117.0,,,,,,
,,,,,,,,,,,,,3039.0,,,,,402.0,,,,,,
,,,,,,,,,,,,,993.0,,,,,3907.0,,,,,,
,,,,,,,,,,,,,728.0,,,,,1553.0,,,,,,
,,,,,,,,,,,,,3677.0,,,,,1648.0,,,,,,
,,,,,,,,,,,,,498.0,,,,,1738.0,,,,,,
,,,,,,,,,,,,,218.0,,,,,2079.0,,,,,,
,,,,,,,,,,,,,3620.0,,,,,1581.0,,,,,,
,,,,,,,,,,,,,1105.0,,,,,2404.0,,,,,,
,,,,,,,,,,,,,2761.0,,,,,2648.0,,,,,,
,,,,,,,,,,,,,1521.0,,,,,1801.0,,,,,,
,,,,,,,,,,,,,172.0,,,,,68.0,,,,,,
,,,,,,,,,,,,,2833.0,,,,,465.0,,,,,,
,,,,,,,,,,,,,595.0,,,,,2366.0,,,,,,
,,,,,,,,,,,,,3394.0,,,,,3057.0,,,,,,
,,,,,,,,,,,,,892.0,,,,,3695.0,,,,,,
,,,,,,,,,,,,,2996.0,,,,,2561.0,,,,,,
,,,,,,,,,,,,,3203.0,,,,,875.0,,,,,,
,,,,,,,,,,,,,804.0,,,,,2607.0,,,,,,
,,,,,,,,,,,,,3147.0,,,,,2802.0,,,,,,
,,,,,,,,,,,,,14.0,,,,,755.0,,,,,,
,,,,,,,,,,,,,680.0,,,,,3517.0,,,,,,
,,,,,,,,,,,,,3817.0,,,,,3855.0,,,,,,
,,,,,,,,,,,,,1866.0,,,,,997.0,,,,,,
,,,,,,,,,,,,,3884.0,,,,,3533.0,,,,,,
,,,,,,,,,,,,,1989.0,,,,,3515.0,,,,,,
,,,,,,,,,,,,,2079.0,,,,,2981.0,,,,,,
,,,,,,,,,,,,,2995.0,,,,,,,,,,,
,,,,,,,,,,,,,1282.0,,,,,,,,,,,
,,,,,,,,,,,,,1536.0,,,,,,,,,,,
,,,,,,,,,,,,,1788.0,,,,,,,,,,,
,,,,,,,,,,,,,2869.0,,,,,,,,,,,
,,,,,,,,,,,,,2198.0,,,,,,,,,,,
,,,,,,,,,,,,,1925.0,,,,,,,,,,,
,,,,,,,,,,,,,479.0,,,,,,,,,,,
,,,,,,,,,,,,,611.0,,,,,,,,,,,
,,,,,,,,,,,,,3378.0,,,,,,,,,,,
,,,,,,,,,,,,,3418.0,,,,,,,,,,,
,,,,,,,,,,,,,597.0,,,,,,,,,,,
,,,,,,,,,,,,,3316.0,,,,,,,,,,,
,,,,,,,,,,,,,769.0,,,,,,,,,,,
,,,,,,,,,,,,,2334.0,,,,,,,,,,,
,,,,,,,,,,,,,1789.0,,,,,,,,,,,
,,,,,,,,,,,,,3886.0,,,,,,,,,,,
,,,,,,,,,,,,,59.0,,,,,,,,,,,
,,,,,,,,,,,,,650.0,,,,,,,,,,,
,,,,,,,,,,,,,1666.0,,,,,,,,,,,
,,,,,,,,,,,,,2488.0,,,,,,,,,,,
,,,,,,,,,,,,,2499.0,,,,,,,,,,,
,,,,,,,,,,,,,1106.0,,,,,,,,,,,
,,,,,,,,,,,,,1238.0,,,,,,,,,,,
,,,,,,,,,,,,,2949.0,,,,,,,,,,,
,,,,,,,,,,,,,1639.0,,,,,,,,,,,
,,,,,,,,,,,,,2164.0,,,,,,,,,,,
,,,,,,,,,,,,,2814.0,,,,,,,,,,,
,,,,,,,,,,,,,1636.0,,,,,,,,,,,
,,,,,,,,,,,,,310.0,,,,,,,,,,,
,,,,,,,,,,,,,3669.0,,,,,,,,,,,
,,,,,,,,,,,,,2981.0,,,,,,,,,,,
